start,start_unix,bottom,top,end,end_unix,direction
2016-03-15,1458014400,29.555,30.911363618736242,2016-03-22,1458619200,
2016-03-23,1458705600,28.30932254574669,29.555,2016-03-24,1458792000,-1.0
2016-03-28,1459137600,29.555,30.77206882535107,2016-03-31,1459396800,1.0
2016-04-01,1459483200,30.77206882535107,32.031800882849296,2016-04-01,1459483200,1.0
2016-04-04,1459742400,29.51360334338843,30.77206882535107,2016-04-13,1460520000,-1.0
2016-04-14,1460606400,28.1642613041336,29.51360334338843,2016-04-14,1460606400,-1.0
2016-04-15,1460692800,29.51360334338843,30.846278094125054,2016-04-25,1461556800,1.0
2016-04-26,1461643200,30.846278094125054,32.3165186809674,2016-04-28,1461816000,1.0
2016-04-29,1461902400,29.368250918726865,30.846278094125054,2016-04-29,1461902400,-1.0
2016-05-02,1462161600,30.846278094125054,32.33573189985194,2016-05-03,1462248000,1.0
2016-05-04,1462334400,29.403769455513604,30.846278094125054,2016-05-06,1462507200,-1.0
2016-05-09,1462766400,30.846278094125054,32.286292481526424,2016-05-10,1462852800,1.0
2016-05-11,1462939200,29.30937793355959,30.846278094125054,2016-05-11,1462939200,-1.0
2016-05-12,1463025600,27.806399213034513,29.30937793355959,2016-05-19,1463630400,-1.0
2016-05-20,1463716800,29.30937793355959,30.770734890089038,2016-06-09,1465444800,1.0
2016-06-10,1465531200,27.98966863760924,29.30937793355959,2016-06-14,1465876800,-1.0
2016-06-15,1465963200,29.30937793355959,30.626197657758905,2016-06-20,1466395200,1.0
2016-06-21,1466481600,30.626197657758905,31.908144350357215,2016-06-23,1466654400,1.0
2016-06-24,1466740800,29.281558851768203,30.626197657758905,2016-06-24,1466740800,-1.0
2016-06-27,1467000000,27.86325138906255,29.281558851768203,2016-06-27,1467000000,-1.0
2016-06-28,1467086400,29.281558851768203,30.738701495709165,2016-06-29,1467172800,1.0
2016-06-30,1467259200,30.738701495709165,32.22810510196438,2016-07-01,1467345600,1.0
2016-07-05,1467691200,29.306246345417676,30.738701495709165,2016-07-05,1467691200,-1.0
2016-07-06,1467777600,30.738701495709165,32.156266992408405,2016-07-08,1467950400,1.0
2016-07-11,1468209600,32.156266992408405,33.50725583943764,2016-08-01,1470024000,1.0
2016-08-02,1470110400,30.94347990794482,32.156266992408405,2016-08-04,1470283200,-1.0
2016-08-05,1470369600,32.156266992408405,33.50094309465567,2016-08-05,1470369600,1.0
2016-08-08,1470628800,30.8086391831788,32.156266992408405,2016-08-09,1470715200,-1.0
2016-08-10,1470801600,29.325776429302255,30.8086391831788,2016-08-18,1471492800,-1.0
2016-08-19,1471579200,30.8086391831788,32.07472913057576,2016-08-19,1471579200,1.0
2016-08-22,1471838400,29.56998423202448,30.8086391831788,2016-08-22,1471838400,-1.0
2016-08-23,1471924800,30.8086391831788,32.04239020925067,2016-08-23,1471924800,1.0
2016-08-24,1472011200,29.597441801826353,30.8086391831788,2016-08-30,1472529600,-1.0
2016-08-31,1472616000,28.426508125912868,29.597441801826353,2016-09-08,1473307200,-1.0
2016-09-09,1473393600,27.280236746202046,28.426508125912868,2016-09-09,1473393600,-1.0
2016-09-12,1473652800,28.426508125912868,29.610474407072918,2016-09-12,1473652800,1.0
2016-09-13,1473739200,27.20111086483568,28.426508125912868,2016-09-15,1473912000,-1.0
2016-09-16,1473998400,25.919991410540277,27.20111086483568,2016-09-16,1473998400,-1.0
2016-09-19,1474257600,27.20111086483568,28.51929321525284,2016-10-14,1476417600,1.0
2016-10-17,1476676800,26.033149641629414,27.20111086483568,2016-10-17,1476676800,-1.0
2016-10-18,1476763200,27.20111086483568,28.33707485781293,2016-10-31,1477886400,1.0
2016-11-01,1477972800,28.33707485781293,29.507278006530477,2016-11-01,1477972800,1.0
2016-11-02,1478059200,27.089743362575206,28.33707485781293,2016-11-09,1478667600,-1.0
2016-11-10,1478754000,28.33707485781293,29.623247927334994,2016-11-21,1479704400,1.0
2016-11-22,1479790800,29.623247927334994,30.780820615033537,2016-11-25,1480050000,1.0
2016-11-28,1480309200,28.52222927031105,29.623247927334994,2016-11-29,1480395600,-1.0
2016-11-30,1480482000,27.387646856856733,28.52222927031105,2016-12-02,1480654800,-1.0
2016-12-05,1480914000,28.52222927031105,29.685847186622688,2016-12-06,1481000400,1.0
2016-12-07,1481086800,29.685847186622688,30.81526263487099,2016-12-13,1481605200,1.0
2016-12-14,1481691600,28.65249637664311,29.685847186622688,2016-12-14,1481691600,-1.0
2016-12-15,1481778000,27.51167062451922,28.65249637664311,2016-12-21,1482296400,-1.0
2016-12-22,1482382800,26.327579996389318,27.51167062451922,2016-12-30,1483074000,-1.0
2017-01-03,1483419600,27.51167062451922,28.628218413476343,2017-01-06,1483678800,1.0
2017-01-09,1483938000,26.28572228527504,27.51167062451922,2017-01-09,1483938000,-1.0
2017-01-10,1484024400,27.51167062451922,28.73233693953167,2017-01-10,1484024400,1.0
2017-01-11,1484110800,26.312623332007657,27.51167062451922,2017-01-13,1484283600,-1.0
2017-01-17,1484629200,27.51167062451922,28.65780214844338,2017-01-18,1484715600,1.0
2017-01-19,1484802000,26.39843476970706,27.51167062451922,2017-01-19,1484802000,-1.0
2017-01-20,1484888400,27.51167062451922,28.60838963255908,2017-01-23,1485147600,1.0
2017-01-24,1485234000,28.60838963255908,29.810897348675088,2017-01-24,1485234000,1.0
2017-01-25,1485320400,27.419775324737078,28.60838963255908,2017-01-30,1485752400,-1.0
2017-01-31,1485838800,28.60838963255908,29.869969006926645,2017-02-16,1487221200,1.0
2017-02-17,1487307600,29.869969006926645,30.9088111705581,2017-02-22,1487739600,1.0
2017-02-23,1487826000,28.853969650695483,29.869969006926645,2017-02-24,1487912400,-1.0
2017-02-27,1488171600,29.869969006926645,30.914070492656574,2017-02-27,1488171600,1.0
2017-02-28,1488258000,28.81558905589171,29.869969006926645,2017-02-28,1488258000,-1.0
2017-03-01,1488344400,29.869969006926645,30.91203610431623,2017-03-02,1488430800,1.0
2017-03-03,1488517200,28.84591115254481,29.869969006926645,2017-03-07,1488862800,-1.0
2017-03-08,1488949200,29.869969006926645,30.907415474155833,2017-03-09,1489035600,1.0
2017-03-10,1489122000,30.907415474155833,31.918856560695286,2017-03-10,1489122000,1.0
2017-03-13,1489377600,29.892363036654913,30.907415474155833,2017-03-14,1489464000,-1.0
2017-03-15,1489550400,30.907415474155833,31.935639259552033,2017-03-17,1489723200,1.0
2017-03-20,1489982400,29.896434549769737,30.907415474155833,2017-03-24,1490328000,-1.0
2017-03-27,1490587200,30.907415474155833,31.974184514507485,2017-03-27,1490587200,1.0
2017-03-28,1490673600,31.974184514507485,33.080470051976874,2017-04-03,1491192000,1.0
2017-04-04,1491278400,30.835815709724464,31.974184514507485,2017-04-28,1493352000,-1.0
2017-05-01,1493611200,29.867099037331993,30.835815709724464,2017-05-01,1493611200,-1.0
2017-05-02,1493697600,30.835815709724464,32.21490976266033,2017-05-02,1493697600,1.0
2017-05-03,1493784000,32.21490976266033,33.63949709752934,2017-05-04,1493870400,1.0
2017-05-05,1493956800,33.63949709752934,34.97868719749293,2017-05-05,1493956800,1.0
2017-05-08,1494216000,34.97868719749293,36.61822086174484,2017-06-02,1496376000,1.0
2017-06-05,1496635200,36.61822086174484,37.817315681838906,2017-06-14,1497412800,1.0
2017-06-15,1497499200,35.52150859401767,36.61822086174484,2017-06-15,1497499200,-1.0
2017-06-16,1497585600,36.61822086174484,37.718882253205784,2017-06-19,1497844800,1.0
2017-06-20,1497931200,35.51774241706678,36.61822086174484,2017-06-20,1497931200,-1.0
2017-06-21,1498017600,36.61822086174484,37.73523656037447,2017-07-06,1499313600,1.0
2017-07-07,1499400000,37.73523656037447,38.83715736500151,2017-07-10,1499659200,1.0
2017-07-11,1499745600,36.677202805364416,37.73523656037447,2017-07-13,1499918400,-1.0
2017-07-14,1500004800,37.73523656037447,38.76333501509644,2017-07-28,1501214400,1.0
2017-07-31,1501473600,36.62715944374635,37.73523656037447,2017-07-31,1501473600,-1.0
2017-08-01,1501560000,37.73523656037447,38.864451025814866,2017-08-01,1501560000,1.0
2017-08-02,1501646400,36.51310884246553,37.73523656037447,2017-08-04,1501819200,-1.0
2017-08-07,1502078400,37.73523656037447,38.94717628203844,2017-08-09,1502251200,1.0
2017-08-10,1502337600,36.54458657185561,37.73523656037447,2017-08-10,1502337600,-1.0
2017-08-11,1502424000,37.73523656037447,38.97841154971341,2017-08-14,1502683200,1.0
2017-08-15,1502769600,35.851662207322015,37.73523656037447,2017-08-15,1502769600,-1.0
2017-08-16,1502856000,34.007486022344736,35.851662207322015,2017-08-16,1502856000,-1.0
2017-08-17,1502942400,32.181893850580124,34.007486022344736,2017-08-17,1502942400,-1.0
2017-08-18,1503028800,30.392843976798698,32.181893850580124,2017-08-18,1503028800,-1.0
2017-08-21,1503288000,32.181893850580124,33.93058301909145,2017-09-19,1505793600,1.0
2017-09-20,1505880000,30.961276773510175,32.181893850580124,2017-09-26,1506398400,-1.0
2017-09-27,1506484800,32.181893850580124,33.3273920217226,2017-09-27,1506484800,1.0
2017-09-28,1506571200,31.083502691662108,32.181893850580124,2017-09-28,1506571200,-1.0
2017-09-29,1506657600,32.181893850580124,33.24297135528971,2017-10-02,1506916800,1.0
2017-10-03,1507003200,31.070179063356044,32.181893850580124,2017-10-19,1508385600,-1.0
2017-10-20,1508472000,32.181893850580124,33.23001605249957,2017-10-20,1508472000,1.0
2017-10-23,1508731200,31.08263752022635,32.181893850580124,2017-10-23,1508731200,-1.0
2017-10-24,1508817600,32.181893850580124,33.26177472876577,2017-10-27,1509076800,1.0
2017-10-30,1509336000,31.15161126619184,32.181893850580124,2017-10-30,1509336000,-1.0
2017-10-31,1509422400,32.181893850580124,33.25944196465496,2017-11-06,1509944400,1.0
2017-11-07,1510030800,33.25944196465496,34.57934491788723,2017-11-07,1510030800,1.0
2017-11-08,1510117200,31.797246365225003,33.25944196465496,2017-11-16,1510808400,-1.0
2017-11-17,1510894800,33.25944196465496,34.71652138689062,2017-11-20,1511154000,1.0
2017-11-21,1511240400,31.806827564870137,33.25944196465496,2017-11-29,1511931600,-1.0
2017-11-30,1512018000,33.25944196465496,34.6372969161966,2017-12-15,1513314000,1.0
2017-12-18,1513573200,34.6372969161966,36.02378531319835,2017-12-22,1513918800,1.0
2017-12-26,1514264400,36.02378531319835,37.29325250764853,2017-12-27,1514350800,1.0
2017-12-28,1514437200,34.75966308941223,36.02378531319835,2017-12-29,1514523600,-1.0
2018-01-02,1514869200,36.02378531319835,37.280451924524144,2018-01-16,1516078800,1.0
2018-01-17,1516165200,37.280451924524144,38.505565071500364,2018-01-18,1516251600,1.0
2018-01-19,1516338000,38.505565071500364,39.70894324414823,2018-01-19,1516338000,1.0
2018-01-22,1516597200,37.323856768327346,38.505565071500364,2018-01-25,1516856400,-1.0
2018-01-26,1516942800,38.505565071500364,39.698555097711434,2018-01-30,1517288400,1.0
2018-01-31,1517374800,37.23424907748225,38.505565071500364,2018-02-01,1517461200,-1.0
2018-02-02,1517547600,35.87972661325234,37.23424907748225,2018-02-05,1517806800,-1.0
2018-02-06,1517893200,37.23424907748225,39.00674038592538,2018-02-06,1517893200,1.0
2018-02-07,1517979600,39.00674038592538,40.836482315194004,2018-02-14,1518584400,1.0
2018-02-15,1518670800,40.836482315194004,42.67496938104656,2018-02-15,1518670800,1.0
2018-02-16,1518757200,39.05217289690235,40.836482315194004,2018-02-22,1519275600,-1.0
2018-02-23,1519362000,40.836482315194004,42.46264212610165,2018-02-28,1519794000,1.0
2018-03-01,1519880400,39.24567753699395,40.836482315194004,2018-03-01,1519880400,-1.0
2018-03-02,1519966800,40.836482315194004,42.47822960923691,2018-03-08,1520485200,1.0
2018-03-09,1520571600,42.47822960923691,44.09777898979091,2018-03-16,1521172800,1.0
2018-03-19,1521432000,40.995820995213094,42.47822960923691,2018-03-19,1521432000,-1.0
2018-03-20,1521518400,42.47822960923691,43.9627518936876,2018-03-21,1521604800,1.0
2018-03-22,1521691200,41.027575190501366,42.47822960923691,2018-03-23,1521777600,-1.0
2018-03-26,1522036800,42.47822960923691,44.00942653151399,2018-03-29,1522296000,1.0
2018-04-02,1522641600,40.88470005652045,42.47822960923691,2018-04-03,1522728000,-1.0
2018-04-04,1522814400,42.47822960923691,44.06282396846692,2018-04-25,1524628800,1.0
2018-04-26,1524715200,44.06282396846692,45.6419799745151,2018-04-27,1524801600,1.0
2018-04-30,1525060800,42.43028639182334,44.06282396846692,2018-04-30,1525060800,-1.0
2018-05-01,1525147200,40.101787213511436,42.43028639182334,2018-05-01,1525147200,-1.0
2018-05-02,1525233600,37.81489511936467,40.101787213511436,2018-05-02,1525233600,-1.0
2018-05-03,1525320000,35.60006674622839,37.81489511936467,2018-05-25,1527220800,-1.0
2018-05-29,1527566400,34.05624143696808,35.60006674622839,2018-05-29,1527566400,-1.0
2018-05-30,1527652800,35.60006674622839,37.096618819112976,2018-05-30,1527652800,1.0
2018-05-31,1527739200,34.14612553569271,35.60006674622839,2018-05-31,1527739200,-1.0
2018-06-01,1527825600,35.60006674622839,37.04272644172581,2018-06-05,1528171200,1.0
2018-06-06,1528257600,37.04272644172581,38.56557387285111,2018-06-20,1529467200,1.0
2018-06-21,1529553600,38.56557387285111,40.00056301172457,2018-06-22,1529640000,1.0
2018-06-25,1529899200,37.04586385004695,38.56557387285111,2018-06-25,1529899200,-1.0
2018-06-26,1529985600,38.56557387285111,40.02944746545498,2018-06-26,1529985600,1.0
2018-06-27,1530072000,37.06869125114752,38.56557387285111,2018-07-16,1531713600,-1.0
2018-07-17,1531800000,38.56557387285111,40.04962541478214,2018-07-31,1533009600,1.0
2018-08-01,1533096000,37.20475583620359,38.56557387285111,2018-08-03,1533268800,-1.0
2018-08-06,1533528000,35.74751413557873,37.20475583620359,2018-08-06,1533528000,-1.0
2018-08-07,1533614400,37.20475583620359,38.692908843926666,2018-08-08,1533700800,1.0
2018-08-09,1533787200,38.692908843926666,40.202989753647074,2018-08-13,1534132800,1.0
2018-08-14,1534219200,40.202989753647074,42.39225132750121,2018-08-14,1534219200,1.0
2018-08-15,1534305600,42.39225132750121,44.5987085032229,2018-08-15,1534305600,1.0
2018-08-16,1534392000,40.20839823575963,42.39225132750121,2018-08-17,1534478400,-1.0
2018-08-20,1534737600,42.39225132750121,44.447185881094704,2018-08-21,1534824000,1.0
2018-08-22,1534910400,40.436812860372115,42.39225132750121,2018-10-03,1538539200,-1.0
2018-10-04,1538625600,38.9901651775651,40.436812860372115,2018-10-09,1539057600,-1.0
2018-10-10,1539144000,37.222938697227455,38.9901651775651,2018-10-10,1539144000,-1.0
2018-10-11,1539230400,35.39937125119964,37.222938697227455,2018-10-18,1539835200,-1.0
2018-10-19,1539921600,33.56661754836934,35.39937125119964,2018-10-29,1540785600,-1.0
2018-10-30,1540872000,31.39371973519295,33.56661754836934,2018-10-30,1540872000,-1.0
2018-10-31,1540958400,33.56661754836934,35.90830837489027,2018-11-15,1542258000,1.0
2018-11-16,1542344400,31.579677628802404,33.56661754836934,2018-11-19,1542603600,-1.0
2018-11-20,1542690000,29.556408004277856,31.579677628802404,2018-11-23,1542949200,-1.0
2018-11-26,1543208400,31.579677628802404,33.43096384056641,2018-11-26,1543208400,1.0
2018-11-27,1543294800,29.64719757502154,31.579677628802404,2018-11-27,1543294800,-1.0
2018-11-28,1543381200,31.579677628802404,33.52198053588464,2018-11-28,1543381200,1.0
2018-11-29,1543467600,29.688682072226047,31.579677628802404,2018-11-29,1543467600,-1.0
2018-11-30,1543554000,31.579677628802404,33.43203064562331,2018-12-03,1543813200,1.0
2018-12-04,1543899600,29.583373241849685,31.579677628802404,2018-12-06,1544072400,-1.0
2018-12-07,1544158800,27.45945772452821,29.583373241849685,2018-12-07,1544158800,-1.0
2018-12-10,1544418000,29.583373241849685,31.661009079362486,2018-12-10,1544418000,1.0
2018-12-11,1544504400,27.46899710701637,29.583373241849685,2018-12-11,1544504400,-1.0
2018-12-12,1544590800,29.583373241849685,31.710008224194905,2018-12-12,1544590800,1.0
2018-12-13,1544677200,27.46078361538627,29.583373241849685,2018-12-20,1545282000,-1.0
2018-12-21,1545368400,25.432282526830445,27.46078361538627,2018-12-24,1545627600,-1.0
2018-12-26,1545800400,27.46078361538627,29.462032002967568,2019-01-02,1546405200,1.0
2019-01-03,1546491600,25.466769384763943,27.46078361538627,2019-01-03,1546491600,-1.0
2019-01-04,1546578000,27.46078361538627,29.469225400964145,2019-01-08,1546923600,1.0
2019-01-09,1547010000,29.469225400964145,31.52499384225955,2019-01-15,1547528400,1.0
2019-01-16,1547614800,27.567146323284653,29.469225400964145,2019-01-16,1547614800,-1.0
2019-01-17,1547701200,29.469225400964145,31.35887025880939,2019-01-25,1548392400,1.0
2019-01-28,1548651600,31.35887025880939,33.13162401052146,2019-02-06,1549429200,1.0
2019-02-07,1549515600,29.149234061556314,31.35887025880939,2019-02-07,1549515600,-1.0
2019-02-08,1549602000,26.977857592678458,29.149234061556314,2019-02-11,1549861200,-1.0
2019-02-12,1549947600,29.149234061556314,31.224543363803036,2019-02-19,1550552400,1.0
2019-02-20,1550638800,27.318678666558895,29.149234061556314,2019-02-21,1550725200,-1.0
2019-02-22,1550811600,29.149234061556314,30.85720274397756,2019-02-27,1551243600,1.0
2019-02-28,1551330000,27.610038269734336,29.149234061556314,2019-02-28,1551330000,-1.0
2019-03-01,1551416400,29.149234061556314,30.676201582533867,2019-03-01,1551416400,1.0
2019-03-04,1551675600,27.610478506362874,29.149234061556314,2019-03-14,1552536000,-1.0
2019-03-15,1552622400,26.27844551686393,27.610478506362874,2019-03-15,1552622400,-1.0
2019-03-18,1552881600,27.610478506362874,28.933509139469038,2019-03-19,1552968000,1.0
2019-03-20,1553054400,26.264446991082558,27.610478506362874,2019-03-21,1553140800,-1.0
2019-03-22,1553227200,24.933481041682693,26.264446991082558,2019-03-22,1553227200,-1.0
2019-03-25,1553486400,26.264446991082558,27.619915372668146,2019-03-29,1553832000,1.0
2019-04-01,1554091200,27.619915372668146,28.919734075076477,2019-04-03,1554264000,1.0
2019-04-04,1554350400,28.919734075076477,30.145092562391017,2019-04-04,1554350400,1.0
2019-04-05,1554436800,27.71632976542726,28.919734075076477,2019-04-10,1554868800,-1.0
2019-04-11,1554955200,26.517466154226426,27.71632976542726,2019-04-18,1555560000,-1.0
2019-04-22,1555905600,25.224095998838806,26.517466154226426,2019-04-25,1556164800,-1.0
2019-04-26,1556251200,26.517466154226426,27.841945928487824,2019-04-30,1556596800,1.0
2019-05-01,1556683200,25.146257676073258,26.517466154226426,2019-05-08,1557288000,-1.0
2019-05-09,1557374400,26.517466154226426,28.37527440206879,2019-05-10,1557460800,1.0
2019-05-13,1557720000,24.470723328280712,26.517466154226426,2019-05-28,1559016000,-1.0
2019-05-29,1559102400,22.86929003723742,24.470723328280712,2019-06-03,1559534400,-1.0
2019-06-04,1559620800,24.470723328280712,26.013207403288195,2019-06-19,1560916800,1.0
2019-06-20,1561003200,26.013207403288195,27.392197095935686,2019-06-24,1561348800,1.0
2019-06-25,1561435200,24.62876631190826,26.013207403288195,2019-06-25,1561435200,-1.0
2019-06-26,1561521600,26.013207403288195,27.39004555956956,2019-07-01,1561953600,1.0
2019-07-02,1562040000,24.570325463951665,26.013207403288195,2019-07-09,1562644800,-1.0
2019-07-10,1562731200,23.242525827077746,24.570325463951665,2019-07-10,1562731200,-1.0
2019-07-11,1562817600,24.570325463951665,25.908710841048876,2019-07-12,1562904000,1.0
2019-07-15,1563163200,25.908710841048876,27.20828802844392,2019-07-16,1563249600,1.0
2019-07-17,1563336000,24.613208062121515,25.908710841048876,2019-07-23,1563854400,-1.0
2019-07-24,1563940800,25.908710841048876,27.180280215595708,2019-07-31,1564545600,1.0
2019-08-01,1564632000,24.558776056596418,25.908710841048876,2019-08-02,1564718400,-1.0
2019-08-05,1564977600,23.084669023063434,24.558776056596418,2019-08-09,1565323200,-1.0
2019-08-12,1565582400,21.60039564961494,23.084669023063434,2019-08-13,1565668800,-1.0
2019-08-14,1565755200,19.929180342917,21.60039564961494,2019-08-14,1565755200,-1.0
2019-08-15,1565841600,17.671480415268917,19.929180342917,2019-08-15,1565841600,-1.0
2019-08-16,1565928000,15.410473339595697,17.671480415268917,2019-08-16,1565928000,-1.0
2019-08-19,1566187200,17.671480415268917,19.902129842679763,2019-08-22,1566446400,1.0
2019-08-23,1566532800,15.658701253037524,17.671480415268917,2019-08-23,1566532800,-1.0
2019-08-26,1566792000,17.671480415268917,19.60477535162664,2019-08-26,1566792000,1.0
2019-08-27,1566878400,15.801706545793888,17.671480415268917,2019-09-03,1567483200,-1.0
2019-09-04,1567569600,17.671480415268917,19.34583011576386,2019-09-04,1567569600,1.0
2019-09-05,1567656000,19.34583011576386,21.096011980509164,2019-09-09,1568001600,1.0
2019-09-10,1568088000,21.096011980509164,22.807772751954293,2019-11-01,1572580800,1.0
2019-11-04,1572843600,22.807772751954293,24.037776089346885,2019-11-05,1572930000,1.0
2019-11-06,1573016400,21.348453547773943,22.807772751954293,2019-11-06,1573016400,-1.0
2019-11-07,1573102800,22.807772751954293,24.32228344155033,2019-11-11,1573448400,1.0
2019-11-12,1573534800,21.373535876938806,22.807772751954293,2019-11-14,1573707600,-1.0
2019-11-15,1573794000,22.807772751954293,24.140694914639795,2019-11-19,1574139600,1.0
2019-11-20,1574226000,21.49639957723853,22.807772751954293,2019-11-22,1574398800,-1.0
2019-11-25,1574658000,22.807772751954293,24.080822629815273,2019-11-29,1575003600,1.0
2019-12-02,1575262800,21.56418738227532,22.807772751954293,2019-12-02,1575262800,-1.0
2019-12-03,1575349200,20.270572396144846,21.56418738227532,2019-12-03,1575349200,-1.0
2019-12-04,1575435600,21.56418738227532,22.860544155110762,2019-12-11,1576040400,1.0
2019-12-12,1576126800,22.860544155110762,24.083922239010363,2019-12-12,1576126800,1.0
2019-12-13,1576213200,21.58826450577542,22.860544155110762,2019-12-18,1576645200,-1.0
2019-12-19,1576731600,22.860544155110762,24.033602595986093,2020-01-07,1578373200,1.0
2020-01-08,1578459600,24.033602595986093,25.100721185790402,2020-01-08,1578459600,1.0
2020-01-09,1578546000,22.94756390545352,24.033602595986093,2020-01-10,1578632400,-1.0
2020-01-13,1578891600,24.033602595986093,25.10530942608816,2020-01-15,1579064400,1.0
2020-01-16,1579150800,25.10530942608816,26.153138837798885,2020-01-17,1579237200,1.0
2020-01-21,1579582800,24.0864769231335,25.10530942608816,2020-01-23,1579755600,-1.0
2020-01-24,1579842000,22.985484572917983,24.0864769231335,2020-01-24,1579842000,-1.0
2020-01-27,1580101200,21.83584881914643,22.985484572917983,2020-01-27,1580101200,-1.0
2020-01-28,1580187600,22.985484572917983,24.131432058562996,2020-01-30,1580360400,1.0
2020-01-31,1580446800,21.837884490570282,22.985484572917983,2020-02-03,1580706000,-1.0
2020-02-04,1580792400,22.985484572917983,24.208905052085132,2020-02-04,1580792400,1.0
2020-02-05,1580878800,24.208905052085132,25.486366925597487,2020-02-11,1581397200,1.0
2020-02-12,1581483600,25.486366925597487,26.889408090368903,2020-02-12,1581483600,1.0
2020-02-13,1581570000,24.0781144154526,25.486366925597487,2020-02-13,1581570000,-1.0
2020-02-14,1581656400,25.486366925597487,26.853172827874882,2020-02-14,1581656400,1.0
2020-02-18,1582002000,24.07190430205419,25.486366925597487,2020-02-21,1582261200,-1.0
2020-02-24,1582520400,22.458125173799814,24.07190430205419,2020-02-24,1582520400,-1.0
2020-02-25,1582606800,20.78475884042075,22.458125173799814,2020-02-25,1582606800,-1.0
2020-02-26,1582693200,19.05091867371162,20.78475884042075,2020-03-03,1583211600,-1.0
2020-03-04,1583298000,20.78475884042075,22.70038505088725,2020-03-04,1583298000,1.0
2020-03-05,1583384400,18.778391644987575,20.78475884042075,2020-03-06,1583470800,-1.0
2020-03-09,1583726400,16.51428931831305,18.778391644987575,2020-03-10,1583812800,-1.0
2020-03-11,1583899200,14.15101741419063,16.51428931831305,2020-03-11,1583899200,-1.0
2020-03-12,1583985600,11.629979217505525,14.15101741419063,2020-03-12,1583985600,-1.0
2020-03-13,1584072000,14.15101741419063,16.740124311112513,2020-03-13,1584072000,1.0
2020-03-16,1584331200,11.20427529562031,14.15101741419063,2020-03-19,1584590400,-1.0
2020-03-20,1584676800,8.287851299147826,11.20427529562031,2020-03-23,1584936000,-1.0
2020-03-24,1585022400,11.20427529562031,14.265568435435869,2020-03-31,1585627200,1.0
2020-04-01,1585713600,8.281871036274183,11.20427529562031,2020-04-03,1585886400,-1.0
2020-04-06,1586145600,11.20427529562031,13.98400516361719,2020-04-27,1587960000,1.0
2020-04-28,1588046400,13.98400516361719,16.154182987310108,2020-04-29,1588132800,1.0
2020-04-30,1588219200,11.661311019718706,13.98400516361719,2020-05-12,1589256000,-1.0
2020-05-13,1589342400,9.651749047802006,11.661311019718706,2020-05-15,1589515200,-1.0
2020-05-18,1589774400,11.661311019718706,13.604400543152012,2020-05-18,1589774400,1.0
2020-05-19,1589860800,9.764442176530636,11.661311019718706,2020-05-19,1589860800,-1.0
2020-05-20,1589947200,11.661311019718706,13.484403516964772,2020-05-26,1590465600,1.0
2020-05-27,1590552000,13.484403516964772,15.264249748062358,2020-05-27,1590552000,1.0
2020-05-28,1590638400,11.646546302374155,13.484403516964772,2020-06-02,1591070400,-1.0
2020-06-03,1591156800,13.484403516964772,15.26237014300399,2020-06-04,1591243200,1.0
2020-06-05,1591329600,15.26237014300399,17.121708713415355,2020-06-08,1591588800,1.0
2020-06-09,1591675200,13.38944045729215,15.26237014300399,2020-06-10,1591761600,-1.0
2020-06-11,1591848000,11.48137353440796,13.38944045729215,2020-06-23,1592884800,-1.0
2020-06-24,1592971200,9.803129141224582,11.48137353440796,2020-06-26,1593144000,-1.0
2020-06-29,1593403200,11.48137353440796,13.03327693521841,2020-07-06,1594008000,1.0
2020-07-07,1594094400,10.077746270847546,11.48137353440796,2020-07-07,1594094400,-1.0
2020-07-08,1594180800,11.48137353440796,12.836170279142628,2020-07-08,1594180800,1.0
2020-07-09,1594267200,10.135919414297195,11.48137353440796,2020-07-13,1594612800,-1.0
2020-07-14,1594699200,11.48137353440796,12.768282682324632,2020-08-06,1596686400,1.0
2020-08-07,1596772800,12.768282682324632,13.911661209121613,2020-08-13,1597291200,1.0
2020-08-14,1597377600,13.911661209121613,15.124773787493035,2020-08-17,1597636800,1.0
2020-08-18,1597723200,12.746365159403396,13.911661209121613,2020-08-19,1597809600,-1.0
2020-08-20,1597896000,11.596033361432077,12.746365159403396,2020-08-20,1597896000,-1.0
2020-08-21,1597982400,12.746365159403396,13.859530400376764,2020-09-09,1599624000,1.0
2020-09-10,1599710400,13.859530400376764,14.972849212405322,2020-09-11,1599796800,1.0
2020-09-14,1600056000,14.972849212405322,16.202802677878925,2020-09-14,1600056000,1.0
2020-09-15,1600142400,13.730463851608405,14.972849212405322,2020-09-15,1600142400,-1.0
2020-09-16,1600228800,14.972849212405322,16.327064190288173,2020-09-18,1600401600,1.0
2020-09-21,1600660800,13.62701163718352,14.972849212405322,2020-10-02,1601611200,-1.0
2020-10-05,1601870400,14.972849212405322,16.243163526068916,2020-10-05,1601870400,1.0
2020-10-06,1601956800,13.678843064003415,14.972849212405322,2020-10-06,1601956800,-1.0
2020-10-07,1602043200,14.972849212405322,16.309426350207094,2020-10-07,1602043200,1.0
2020-10-08,1602129600,16.309426350207094,17.65081940673731,2020-10-16,1602820800,1.0
2020-10-19,1603080000,17.65081940673731,18.883867419744906,2020-10-21,1603252800,1.0
2020-10-22,1603339200,18.883867419744906,20.18124077418284,2020-10-23,1603425600,1.0
2020-10-26,1603684800,17.560601619234646,18.883867419744906,2020-10-26,1603684800,-1.0
2020-10-27,1603771200,18.883867419744906,20.21161423450443,2020-10-30,1604030400,1.0
2020-11-02,1604293200,20.21161423450443,21.832541680785845,2020-11-04,1604466000,1.0
2020-11-05,1604552400,21.832541680785845,23.48381996047982,2020-11-05,1604552400,1.0
2020-11-06,1604638800,20.207926135355727,21.832541680785845,2020-11-06,1604638800,-1.0
2020-11-09,1604898000,21.832541680785845,23.758970401542385,2020-11-13,1605243600,1.0
2020-11-16,1605502800,23.758970401542385,25.702171863388372,2020-11-23,1606107600,1.0
2020-11-24,1606194000,25.702171863388372,27.542120570832147,2020-11-27,1606453200,1.0
2020-11-30,1606712400,23.89596657539494,25.702171863388372,2020-12-02,1606885200,-1.0
2020-12-03,1606971600,25.702171863388372,27.469697015619264,2020-12-17,1608181200,1.0
2020-12-18,1608267600,24.037348260618263,25.702171863388372,2020-12-18,1608267600,-1.0
2020-12-21,1608526800,25.702171863388372,27.470508065960615,2020-12-29,1609218000,1.0
2020-12-30,1609304400,27.470508065960615,29.213804196505915,2021-01-05,1609822800,1.0
2021-01-06,1609909200,29.213804196505915,31.13173976461567,2021-01-11,1610341200,1.0
2021-01-12,1610427600,31.13173976461567,33.06479338187886,2021-01-12,1610427600,1.0
2021-01-13,1610514000,29.168332834299854,31.13173976461567,2021-01-25,1611550800,-1.0
2021-01-26,1611637200,27.286146482697774,29.168332834299854,2021-01-26,1611637200,-1.0
2021-01-27,1611723600,25.247830584781553,27.286146482697774,2021-01-27,1611723600,-1.0
2021-01-28,1611810000,27.286146482697774,29.405154102191403,2021-02-01,1612155600,1.0
2021-02-02,1612242000,29.405154102191403,31.555568001618337,2021-02-03,1612328400,1.0
2021-02-04,1612414800,31.555568001618337,33.84496570061401,2021-02-05,1612501200,1.0
2021-02-08,1612760400,33.84496570061401,36.12489534923783,2021-02-17,1613538000,1.0
2021-02-18,1613624400,31.764558975271918,33.84496570061401,2021-02-19,1613710800,-1.0
2021-02-22,1613970000,33.84496570061401,36.12203068317939,2021-02-23,1614056400,1.0
2021-02-24,1614142800,36.12203068317939,38.4889489589628,2021-03-05,1614920400,1.0
2021-03-08,1615179600,38.4889489589628,41.091493465172285,2021-03-08,1615179600,1.0
2021-03-09,1615266000,35.941157631768284,38.4889489589628,2021-03-10,1615352400,-1.0
2021-03-11,1615438800,38.4889489589628,41.03034046047236,2021-03-12,1615525200,1.0
2021-03-15,1615780800,41.03034046047236,43.58210150003928,2021-03-15,1615780800,1.0
2021-03-16,1615867200,38.429419495160225,41.03034046047236,2021-03-22,1616385600,-1.0
2021-03-23,1616472000,35.71039030722209,38.429419495160225,2021-03-26,1616731200,-1.0
2021-03-29,1616990400,32.66653715653746,35.71039030722209,2021-03-29,1616990400,-1.0
2021-03-30,1617076800,35.71039030722209,38.75925394714354,2021-04-08,1617854400,1.0
2021-04-09,1617940800,38.75925394714354,41.50088448628483,2021-04-19,1618804800,1.0
2021-04-20,1618891200,36.17519399204494,38.75925394714354,2021-04-20,1618891200,-1.0
2021-04-21,1618977600,38.75925394714354,41.381166762592244,2021-04-26,1619409600,1.0
2021-04-27,1619496000,41.381166762592244,43.93422251858013,2021-05-10,1620619200,1.0
2021-05-11,1620705600,38.594213148217634,41.381166762592244,2021-05-13,1620878400,-1.0
2021-05-14,1620964800,41.381166762592244,44.206616868562,2021-05-17,1621224000,1.0
2021-05-18,1621310400,38.60954906917954,41.381166762592244,2021-05-20,1621483200,-1.0
2021-05-21,1621569600,35.74825531100618,38.60954906917954,2021-05-25,1621915200,-1.0
2021-05-26,1622001600,38.60954906917954,41.29466364159458,2021-06-01,1622520000,1.0
2021-06-02,1622606400,35.984999993202194,38.60954906917954,2021-06-07,1623038400,-1.0
2021-06-08,1623124800,38.60954906917954,41.11352278218946,2021-06-08,1623124800,1.0
2021-06-09,1623211200,36.19571633567033,38.60954906917954,2021-06-10,1623297600,-1.0
2021-06-11,1623384000,38.60954906917954,41.05371096695024,2021-06-11,1623384000,1.0
2021-06-14,1623643200,36.125255878392466,38.60954906917954,2021-06-14,1623643200,-1.0
2021-06-15,1623729600,38.60954906917954,41.02824988919611,2021-06-15,1623729600,1.0
2021-06-16,1623816000,36.22475545059273,38.60954906917954,2021-07-07,1625630400,-1.0
2021-07-08,1625716800,33.7910853820422,36.22475545059273,2021-07-08,1625716800,-1.0
2021-07-09,1625803200,36.22475545059273,38.66844908567537,2021-07-14,1626235200,1.0
2021-07-15,1626321600,33.834639303372946,36.22475545059273,2021-07-16,1626408000,-1.0
2021-07-19,1626667200,31.365467727453847,33.834639303372946,2021-07-19,1626667200,-1.0
2021-07-20,1626753600,33.834639303372946,36.36787005244068,2021-07-23,1627012800,1.0
2021-07-26,1627272000,36.36787005244068,38.77589039355177,2021-07-27,1627358400,1.0
2021-07-28,1627444800,33.95654639097244,36.36787005244068,2021-07-28,1627444800,-1.0
2021-07-29,1627531200,36.36787005244068,38.74452773808976,2021-08-05,1628136000,1.0
2021-08-06,1628222400,38.74452773808976,41.07099703673049,2021-08-06,1628222400,1.0
2021-08-09,1628481600,36.468520532209084,38.74452773808976,2021-08-09,1628481600,-1.0
2021-08-10,1628568000,38.74452773808976,41.040534429264675,2021-08-16,1629086400,1.0
2021-08-17,1629172800,36.5645993035342,38.74452773808976,2021-08-18,1629259200,-1.0
2021-08-19,1629345600,34.316977337004154,36.5645993035342,2021-08-20,1629432000,-1.0
2021-08-23,1629691200,36.5645993035342,38.87674273385858,2021-08-30,1630296000,1.0
2021-08-31,1630382400,34.263609523715026,36.5645993035342,2021-09-17,1631851200,-1.0
2021-09-20,1632110400,32.08149826872844,34.263609523715026,2021-09-20,1632110400,-1.0
2021-09-21,1632196800,34.263609523715026,36.40685568905972,2021-09-29,1632888000,1.0
2021-09-30,1632974400,31.971834818898117,34.263609523715026,2021-10-04,1633320000,-1.0
2021-10-05,1633406400,34.263609523715026,36.5612061077102,2021-10-05,1633406400,1.0
2021-10-06,1633492800,31.988698410005224,34.263609523715026,2021-10-13,1634097600,-1.0
2021-10-14,1634184000,34.263609523715026,36.371608053219965,2021-10-18,1634529600,1.0
2021-10-19,1634616000,32.30073752323312,34.263609523715026,2021-10-19,1634616000,-1.0
2021-10-20,1634702400,34.263609523715026,36.19556209559108,2021-10-26,1635220800,1.0
2021-10-27,1635307200,32.463694432031545,34.263609523715026,2021-10-27,1635307200,-1.0
2021-10-28,1635393600,34.263609523715026,36.1213878231354,2021-11-02,1635825600,1.0
2021-11-03,1635912000,36.1213878231354,38.05849402913668,2021-11-10,1636520400,1.0
2021-11-11,1636606800,38.05849402913668,40.38116255015615,2021-11-11,1636606800,1.0
2021-11-12,1636693200,40.38116255015615,42.6922118911028,2021-11-12,1636693200,1.0
2021-11-15,1636952400,38.09761673356283,40.38116255015615,2021-11-15,1636952400,-1.0
2021-11-16,1637038800,40.38116255015615,42.63659795127852,2021-11-16,1637038800,1.0
2021-11-17,1637125200,38.20068682054252,40.38116255015615,2021-11-17,1637125200,-1.0
2021-11-18,1637211600,40.38116255015615,42.506175727654515,2021-11-23,1637643600,1.0
2021-11-24,1637730000,38.21425716275166,40.38116255015615,2021-11-24,1637730000,-1.0
2021-11-26,1637902800,35.79970216016177,38.21425716275166,2021-11-29,1638162000,-1.0
2021-11-30,1638248400,33.30211136711233,35.79970216016177,2021-12-01,1638334800,-1.0
2021-12-02,1638421200,35.79970216016177,38.593706466413586,2021-12-06,1638766800,1.0
2021-12-07,1638853200,38.593706466413586,41.40959621161593,2021-12-10,1639112400,1.0
2021-12-13,1639371600,35.994326806565496,38.593706466413586,2021-12-17,1639717200,-1.0
2021-12-20,1639976400,33.26954159422098,35.994326806565496,2021-12-20,1639976400,-1.0
2021-12-21,1640062800,35.994326806565496,38.737913075171114,2022-01-06,1641445200,1.0
2022-01-07,1641531600,33.77871646941488,35.994326806565496,2022-01-07,1641531600,-1.0
2022-01-10,1641790800,31.429506870632164,33.77871646941488,2022-01-10,1641790800,-1.0
2022-01-11,1641877200,33.77871646941488,36.11569681114169,2022-01-14,1642136400,1.0
2022-01-18,1642482000,31.5017231973392,33.77871646941488,2022-01-21,1642741200,-1.0
2022-01-24,1643000400,33.77871646941488,36.19045352802988,2022-01-24,1643000400,1.0
2022-01-25,1643086800,31.3502463435581,33.77871646941488,2022-01-28,1643346000,-1.0
2022-01-31,1643605200,33.77871646941488,36.14041829325379,2022-02-08,1644296400,1.0
2022-02-09,1644382800,36.14041829325379,38.40206189159282,2022-02-10,1644469200,1.0
2022-02-11,1644555600,33.77798070080839,36.14041829325379,2022-02-14,1644814800,-1.0
2022-02-15,1644901200,36.14041829325379,38.49875478878069,2022-02-16,1644987600,1.0
2022-02-17,1645074000,33.85688325374335,36.14041829325379,2022-02-24,1645678800,-1.0
2022-02-25,1645765200,36.14041829325379,38.43047896630844,2022-02-28,1646024400,1.0
2022-03-01,1646110800,33.73152924352809,36.14041829325379,2022-03-01,1646110800,-1.0
2022-03-02,1646197200,36.14041829325379,38.70895812514194,2022-03-02,1646197200,1.0
2022-03-03,1646283600,33.52391702078622,36.14041829325379,2022-03-03,1646283600,-1.0
2022-03-04,1646370000,30.691880124923482,33.52391702078622,2022-03-04,1646370000,-1.0
2022-03-07,1646629200,27.519560150193794,30.691880124923482,2022-03-08,1646715600,-1.0
2022-03-09,1646802000,30.691880124923482,33.89960500109347,2022-03-11,1646974800,1.0
2022-03-14,1647230400,27.628700987552687,30.691880124923482,2022-03-14,1647230400,-1.0
2022-03-15,1647316800,30.691880124923482,33.785689323910645,2022-03-16,1647403200,1.0
2022-03-17,1647489600,33.785689323910645,36.86281052099652,2022-03-30,1648612800,1.0
2022-03-31,1648699200,31.20105604460452,33.785689323910645,2022-04-04,1649044800,-1.0
2022-04-05,1649131200,28.644302650058034,31.20105604460452,2022-04-18,1650254400,-1.0
2022-04-19,1650340800,31.20105604460452,33.64495282004855,2022-04-20,1650427200,1.0
2022-04-21,1650513600,28.79718586577778,31.20105604460452,2022-05-04,1651636800,-1.0
2022-05-05,1651723200,26.3799188838845,28.79718586577778,2022-05-06,1651809600,-1.0
2022-05-09,1652068800,23.886969292354067,26.3799188838845,2022-05-11,1652241600,-1.0
2022-05-12,1652328000,26.3799188838845,29.364536322875885,2022-05-16,1652673600,1.0
2022-05-17,1652760000,29.364536322875885,32.25818155373014,2022-05-17,1652760000,1.0
2022-05-18,1652846400,26.45386575136836,29.364536322875885,2022-05-25,1653451200,-1.0
2022-05-26,1653537600,29.364536322875885,32.18759718513721,2022-06-10,1654833600,1.0
2022-06-13,1655092800,26.88595558000319,29.364536322875885,2022-06-14,1655179200,-1.0
2022-06-15,1655265600,29.364536322875885,31.824945228720196,2022-06-15,1655265600,1.0
2022-06-16,1655352000,26.779013767449023,29.364536322875885,2022-06-23,1655956800,-1.0
2022-06-24,1656043200,29.364536322875885,31.856520236148825,2022-06-27,1656302400,1.0
2022-06-28,1656388800,26.884029785410952,29.364536322875885,2022-07-18,1658116800,-1.0
2022-07-19,1658203200,29.364536322875885,31.65362867456887,2022-08-10,1660104000,1.0
2022-08-11,1660190400,31.65362867456887,33.72682030438157,2022-08-15,1660536000,1.0
2022-08-16,1660622400,33.72682030438157,35.72586039574399,2022-08-18,1660795200,1.0
2022-08-19,1660881600,31.712139152514496,33.72682030438157,2022-08-30,1661832000,-1.0
2022-08-31,1661918400,29.768242296647287,31.712139152514496,2022-08-31,1661918400,-1.0
2022-09-01,1662004800,31.712139152514496,33.659900518676906,2022-09-01,1662004800,1.0
2022-09-02,1662091200,29.763360741077975,31.712139152514496,2022-09-07,1662523200,-1.0
2022-09-08,1662609600,31.712139152514496,33.74233600744381,2022-09-12,1662955200,1.0
2022-09-13,1663041600,29.553872209992736,31.712139152514496,2022-09-20,1663646400,-1.0
2022-09-21,1663732800,27.488036894168957,29.553872209992736,2022-09-22,1663819200,-1.0
2022-09-23,1663905600,25.371944198382128,27.488036894168957,2022-10-03,1664769600,-1.0
2022-10-04,1664856000,27.488036894168957,29.69871391320777,2022-11-03,1667448000,1.0
2022-11-04,1667534400,29.69871391320777,31.921382262870363,2022-11-04,1667534400,1.0
2022-11-07,1667797200,27.45095044566393,29.69871391320777,2022-11-09,1667970000,-1.0
2022-11-10,1668056400,29.69871391320777,32.18229421138336,2022-11-10,1668056400,1.0
2022-11-11,1668142800,32.18229421138336,34.869047345403544,2022-11-11,1668142800,1.0
2022-11-14,1668402000,29.54088058693604,32.18229421138336,2022-11-21,1669006800,-1.0
2022-11-22,1669093200,32.18229421138336,34.670357125380306,2022-11-30,1669784400,1.0
2022-12-01,1669870800,34.670357125380306,36.807851031757366,2022-12-02,1669957200,1.0
2022-12-05,1670216400,32.51047717549396,34.670357125380306,2022-12-12,1670821200,-1.0
2022-12-13,1670907600,34.670357125380306,36.675589910910645,2022-12-14,1670994000,1.0
2022-12-15,1671080400,32.616896203162824,34.670357125380306,2022-12-23,1671771600,-1.0
2022-12-27,1672117200,34.670357125380306,36.527500224376425,2022-12-27,1672117200,1.0
2022-12-28,1672203600,32.73500996202677,34.670357125380306,2022-12-28,1672203600,-1.0
2022-12-29,1672290000,34.670357125380306,36.59475091992287,2023-01-03,1672722000,1.0
2023-01-04,1672808400,36.59475091992287,38.52028487276909,2023-01-09,1673240400,1.0
2023-01-10,1673326800,38.52028487276909,40.57240178309918,2023-01-20,1674190800,1.0
2023-01-23,1674450000,40.57240178309918,42.478479430156796,2023-01-23,1674450000,1.0
2023-01-24,1674536400,38.680329682259966,40.57240178309918,2023-01-25,1674622800,-1.0
2023-01-26,1674709200,40.57240178309918,42.43140272719013,2023-01-31,1675141200,1.0
2023-02-01,1675227600,42.43140272719013,44.325981495520566,2023-02-03,1675400400,1.0
2023-02-06,1675659600,40.37620245240079,42.43140272719013,2023-02-07,1675746000,-1.0
2023-02-08,1675832400,38.10727976648549,40.37620245240079,2023-02-08,1675832400,-1.0
2023-02-09,1675918800,40.37620245240079,42.88291637503642,2023-02-17,1676610000,1.0
2023-02-21,1676955600,38.07971234617456,40.37620245240079,2023-03-01,1677646800,-1.0
2023-03-02,1677733200,40.37620245240079,42.34033608580006,2023-03-03,1677819600,1.0
2023-03-06,1678078800,38.43807702360244,40.37620245240079,2023-03-10,1678424400,-1.0
2023-03-13,1678680000,36.43108957634306,38.43807702360244,2023-03-13,1678680000,-1.0
2023-03-14,1678766400,38.43807702360244,40.44313679605757,2023-03-14,1678766400,1.0
2023-03-15,1678852800,36.3898072348941,38.43807702360244,2023-03-20,1679284800,-1.0
2023-03-21,1679371200,38.43807702360244,40.47212115717436,2023-03-21,1679371200,1.0
2023-03-22,1679457600,36.392464613857086,38.43807702360244,2023-03-27,1679889600,-1.0
2023-03-28,1679976000,38.43807702360244,40.440445204431704,2023-04-04,1680580800,1.0
2023-04-05,1680667200,36.490332053853926,38.43807702360244,2023-04-11,1681185600,-1.0
2023-04-12,1681272000,38.43807702360244,40.36795160921747,2023-04-24,1682308800,1.0
2023-04-25,1682395200,36.61665760723879,38.43807702360244,2023-05-02,1683000000,-1.0
2023-05-03,1683086400,34.803155311788075,36.61665760723879,2023-05-09,1683604800,-1.0
2023-05-10,1683691200,32.87220770479251,34.803155311788075,2023-05-10,1683691200,-1.0
2023-05-11,1683777600,34.803155311788075,37.07703523256967,2023-05-11,1683777600,1.0
2023-05-12,1683864000,37.07703523256967,39.32478087329544,2023-05-12,1683864000,1.0
2023-05-15,1684123200,39.32478087329544,41.67040182539794,2023-05-15,1684123200,1.0
2023-05-16,1684209600,36.97056141777169,39.32478087329544,2023-05-16,1684209600,-1.0
2023-05-17,1684296000,39.32478087329544,41.71655608199606,2023-05-19,1684468800,1.0
2023-05-22,1684728000,37.00862922113973,39.32478087329544,2023-06-01,1685592000,-1.0
2023-06-02,1685678400,39.32478087329544,41.750287404054205,2023-06-02,1685678400,1.0
2023-06-05,1685937600,36.922096237590864,39.32478087329544,2023-06-06,1686024000,-1.0
2023-06-07,1686110400,39.32478087329544,41.733248747959074,2023-07-19,1689739200,1.0
2023-07-20,1689825600,37.57343076701869,39.32478087329544,2023-07-21,1689912000,-1.0
2023-07-24,1690171200,39.32478087329544,41.024975607789166,2023-08-07,1691380800,1.0
2023-08-08,1691467200,37.51843470498496,39.32478087329544,2023-08-09,1691553600,-1.0
2023-08-10,1691640000,35.0523811210846,37.51843470498496,2023-08-10,1691640000,-1.0
2023-08-11,1691726400,32.619759936034264,35.0523811210846,2023-08-15,1692072000,-1.0
2023-08-16,1692158400,30.34327205572975,32.619759936034264,2023-09-06,1693972800,-1.0
2023-09-07,1694059200,28.826326190463973,30.34327205572975,2023-09-15,1694750400,-1.0
2023-09-18,1695009600,27.472787692106976,28.826326190463973,2023-09-21,1695268800,-1.0
2023-09-22,1695355200,26.188527981268415,27.472787692106976,2023-10-04,1696392000,-1.0
2023-10-05,1696478400,25.06338391515106,26.188527981268415,2023-10-05,1696478400,-1.0
2023-10-06,1696564800,26.188527981268415,27.35801889980596,2023-10-11,1696996800,1.0
2023-10-12,1697083200,24.895023396607055,26.188527981268415,2023-10-13,1697169600,-1.0
2023-10-16,1697428800,26.188527981268415,27.462815097634586,2023-10-16,1697428800,1.0
2023-10-17,1697515200,27.462815097634586,28.7643674199746,2023-10-17,1697515200,1.0
2023-10-18,1697601600,26.188659369747427,27.462815097634586,2023-10-26,1698292800,-1.0
2023-10-27,1698379200,25.002300458748937,26.188659369747427,2023-10-27,1698379200,-1.0
2023-10-30,1698638400,26.188659369747427,27.359706929960307,2023-10-30,1698638400,1.0
2023-10-31,1698724800,25.030543778121178,26.188659369747427,2023-11-02,1698897600,-1.0
2023-11-03,1698984000,26.188659369747427,27.498037633159548,2023-11-03,1698984000,1.0
2023-11-06,1699246800,24.880236696579026,26.188659369747427,2023-11-08,1699419600,-1.0
2023-11-09,1699506000,26.188659369747427,27.619706969219354,2023-11-13,1699851600,1.0
2023-11-14,1699938000,27.619706969219354,29.172963374481682,2023-11-14,1699938000,1.0
2023-11-15,1700024400,29.172963374481682,30.786272893653845,2023-11-15,1700024400,1.0
2023-11-16,1700110800,27.546318820964675,29.172963374481682,2023-11-24,1700802000,-1.0
2023-11-27,1701061200,29.172963374481682,30.543673584342805,2023-11-30,1701320400,1.0
2023-12-01,1701406800,30.543673584342805,31.91223601415964,2023-12-07,1701925200,1.0
2023-12-08,1702011600,31.91223601415964,33.26087511218052,2023-12-13,1702443600,1.0
2023-12-14,1702530000,33.26087511218052,34.80116580560447,2023-12-18,1702875600,1.0
2023-12-19,1702962000,34.80116580560447,36.30302464432619,2023-12-29,1703826000,1.0
2024-01-02,1704171600,36.30302464432619,37.79334780751321,2024-01-02,1704171600,1.0
2024-01-03,1704258000,34.744295992795394,36.30302464432619,2024-01-05,1704430800,-1.0
2024-01-08,1704690000,36.30302464432619,37.848915623704166,2024-01-08,1704690000,1.0
2024-01-09,1704776400,34.75312587776093,36.30302464432619,2024-01-16,1705381200,-1.0
2024-01-17,1705467600,33.17701283941694,34.75312587776093,2024-01-18,1705554000,-1.0
2024-01-19,1705640400,34.75312587776093,36.363845793475896,2024-01-24,1706072400,1.0
2024-01-25,1706158800,36.363845793475896,37.934041272253886,2024-01-26,1706245200,1.0
2024-01-29,1706504400,37.934041272253886,39.60862819017981,2024-01-29,1706504400,1.0
2024-01-30,1706590800,36.32249627703696,37.934041272253886,2024-01-31,1706677200,-1.0
2024-02-01,1706763600,37.934041272253886,39.596342824252154,2024-02-07,1707282000,1.0
2024-02-08,1707368400,39.596342824252154,41.641551175211006,2024-02-13,1707800400,1.0
2024-02-14,1707886800,41.641551175211006,43.895083862417785,2024-02-15,1707973200,1.0
2024-02-16,1708059600,43.895083862417785,46.101844189652205,2024-02-22,1708578000,1.0
2024-02-23,1708664400,46.101844189652205,48.18820408412696,2024-02-23,1708664400,1.0
2024-02-26,1708923600,44.029510001925644,46.101844189652205,2024-03-12,1710216000,-1.0
2024-03-13,1710302400,46.101844189652205,47.96221780372707,2024-03-13,1710302400,1.0
2024-03-14,1710388800,44.276640119439826,46.101844189652205,2024-03-20,1710907200,-1.0
2024-03-21,1710993600,46.101844189652205,47.93872363876821,2024-03-21,1710993600,1.0
2024-03-22,1711080000,44.25474184404449,46.101844189652205,2024-03-22,1711080000,-1.0
2024-03-25,1711339200,42.332575380265894,44.25474184404449,2024-03-26,1711425600,-1.0
2024-03-27,1711512000,44.25474184404449,46.143181294955625,2024-03-28,1711598400,1.0
2024-04-01,1711944000,46.143181294955625,48.02026429089431,2024-04-01,1711944000,1.0
2024-04-02,1712030400,44.06203279872685,46.143181294955625,2024-04-02,1712030400,-1.0
2024-04-03,1712116800,41.930252052228695,44.06203279872685,2024-04-03,1712116800,-1.0
2024-04-04,1712203200,39.56759850190898,41.930252052228695,2024-04-12,1712894400,-1.0
2024-04-15,1713153600,37.38184003542876,39.56759850190898,2024-04-26,1714104000,-1.0
2024-04-29,1714363200,39.56759850190898,41.557549730822885,2024-04-29,1714363200,1.0
2024-04-30,1714449600,37.586072360774644,39.56759850190898,2024-05-01,1714536000,-1.0
2024-05-02,1714622400,35.601450330919015,37.586072360774644,2024-05-02,1714622400,-1.0
2024-05-03,1714708800,37.586072360774644,39.55107853135487,2024-05-10,1715313600,1.0
2024-05-13,1715572800,39.55107853135487,41.731661812079224,2024-05-30,1717041600,1.0
2024-05-31,1717128000,41.731661812079224,43.602889032614506,2024-06-03,1717387200,1.0
2024-06-04,1717473600,39.842970994372784,41.731661812079224,2024-06-04,1717473600,-1.0
2024-06-05,1717560000,41.731661812079224,43.59730328566378,2024-06-11,1718078400,1.0
2024-06-12,1718164800,39.80573463208795,41.731661812079224,2024-07-01,1719806400,-1.0
2024-07-02,1719892800,37.847923876734704,39.80573463208795,2024-07-05,1720152000,-1.0
2024-07-08,1720411200,39.80573463208795,41.77144535712843,2024-07-10,1720584000,1.0
2024-07-11,1720670400,41.77144535712843,43.74067365993963,2024-07-12,1720756800,1.0
2024-07-15,1721016000,39.74048830011265,41.77144535712843,2024-07-15,1721016000,-1.0
2024-07-16,1721102400,41.77144535712843,43.762762624357364,2024-07-16,1721102400,1.0
2024-07-17,1721188800,39.818222180415844,41.77144535712843,2024-07-23,1721707200,-1.0
2024-07-24,1721793600,37.755262816476815,39.818222180415844,2024-08-01,1722484800,-1.0
2024-08-02,1722571200,35.585862368898134,37.755262816476815,2024-08-06,1722916800,-1.0
2024-08-07,1723003200,33.221936427451205,35.585862368898134,2024-08-07,1723003200,-1.0
2024-08-08,1723089600,35.585862368898134,37.99565074309885,2024-08-14,1723608000,1.0
2024-08-15,1723694400,37.99565074309885,40.50556004581146,2024-08-22,1724299200,1.0
2024-08-23,1724385600,40.50556004581146,42.863126724490854,2024-08-23,1724385600,1.0
2024-08-26,1724644800,38.11967670132344,40.50556004581146,2024-09-06,1725595200,-1.0
2024-09-09,1725854400,40.50556004581146,42.63913466835921,2024-09-09,1725854400,1.0
2024-09-10,1725940800,38.40224075344568,40.50556004581146,2024-09-10,1725940800,-1.0
2024-09-11,1726027200,40.50556004581146,42.629642245865384,2024-09-20,1726804800,1.0
2024-09-23,1727064000,42.629642245865384,44.69312105967308,2024-09-24,1727150400,1.0
2024-09-25,1727236800,44.69312105967308,46.77338595525217,2024-09-26,1727323200,1.0
2024-09-27,1727409600,46.77338595525217,48.88667558460352,2024-09-27,1727409600,1.0
2024-09-30,1727668800,44.64775987085448,46.77338595525217,2024-10-07,1728273600,-1.0
2024-10-08,1728360000,42.68031978413393,44.64775987085448,2024-10-11,1728619200,-1.0
2024-10-14,1728878400,44.64775987085448,46.466928871188344,2024-10-14,1728878400,1.0
2024-10-15,1728964800,42.853102941973034,44.64775987085448,2024-10-22,1729569600,-1.0
2024-10-23,1729656000,41.18398182558056,42.853102941973034,2024-10-23,1729656000,-1.0
2024-10-24,1729742400,42.853102941973034,44.52385826433748,2024-10-24,1729742400,1.0
2024-10-25,1729828800,44.52385826433748,46.97398820653303,2024-10-25,1729828800,1.0
2024-10-28,1730088000,46.97398820653303,49.44325172428604,2024-10-30,1730260800,1.0
2024-10-31,1730347200,44.48263909993559,46.97398820653303,2024-11-01,1730433600,-1.0
2024-11-04,1730696400,46.97398820653303,49.44834534436449,2024-11-06,1730869200,1.0
2024-11-07,1730955600,49.44834534436449,52.118898781615115,2024-11-13,1731474000,1.0
2024-11-14,1731560400,52.118898781615115,55.44916847835066,2024-11-14,1731560400,1.0
2024-11-15,1731646800,55.44916847835066,58.77684748246224,2024-11-18,1731906000,1.0
2024-11-19,1731992400,52.264526888070776,55.44916847835066,2024-11-21,1732165200,-1.0
2024-11-22,1732251600,55.44916847835066,58.70504441634078,2024-11-22,1732251600,1.0
2024-11-25,1732510800,58.70504441634078,62.02664350161733,2024-11-29,1732856400,1.0
2024-12-02,1733115600,62.02664350161733,65.20477088277579,2024-12-05,1733374800,1.0
2024-12-06,1733461200,58.985305878406514,62.02664350161733,2024-12-12,1733979600,-1.0
2024-12-13,1734066000,62.02664350161733,64.97624416305084,2024-12-17,1734411600,1.0
2024-12-18,1734498000,58.954329852503115,62.02664350161733,2024-12-19,1734584400,-1.0
2024-12-20,1734670800,62.02664350161733,65.30361802559847,2024-12-24,1735016400,1.0
2024-12-26,1735189200,65.30361802559847,68.27360455226996,2024-12-26,1735189200,1.0
2024-12-27,1735275600,62.42748767940352,65.30361802559847,2025-01-02,1735794000,-1.0
2025-01-03,1735880400,65.30361802559847,68.12665204313475,2025-01-15,1736917200,1.0
2025-01-16,1737003600,68.12665204313475,71.30371244080611,2025-01-17,1737090000,1.0
2025-01-21,1737435600,71.30371244080611,74.6958002326758,2025-01-29,1738126800,1.0
2025-01-30,1738213200,74.6958002326758,78.09832584999734,2025-01-30,1738213200,1.0
2025-01-31,1738299600,71.06188358802007,74.6958002326758,2025-02-05,1738731600,-1.0
2025-02-06,1738818000,74.6958002326758,79.8961772966078,2025-02-10,1739163600,1.0
