unix,date,open,high,low,close,volume_base
1557460800,2019-05-10,42.0,45.0,41.06,41.57,191543547.0
1557720000,2019-05-13,38.79,39.24,36.08,37.1,79920579.0
1557806400,2019-05-14,38.31,39.96,36.85,39.96,47350431.0
1557892800,2019-05-15,39.37,41.88,38.95,41.29,36561386.0
1557979200,2019-05-16,41.48,44.06,41.25,43.0,43801238.0
1558065600,2019-05-17,41.98,43.29,41.27,41.91,20610654.0
1558324800,2019-05-20,41.19,41.68,39.46,41.59,36785832.0
1558411200,2019-05-21,42.0,42.24,41.25,41.5,11010759.0
1558497600,2019-05-22,41.05,41.28,40.5,41.25,9234762.0
1558584000,2019-05-23,40.8,41.09,40.02,40.47,11312678.0
1558670400,2019-05-24,41.28,41.51,40.5,41.51,9276083.0
1559016000,2019-05-28,41.7,41.8,40.6,40.95,17409913.0
1559102400,2019-05-29,40.52,40.71,39.1473,39.94,14398346.0
1559188800,2019-05-30,40.07,40.38,39.5,39.8,26830724.0
1559275200,2019-05-31,41.15,41.57,39.41,40.41,23716707.0
1559534400,2019-06-03,40.7435,41.85,40.24,41.25,16971129.0
1559620800,2019-06-04,42.56,42.88,40.7,42.75,24063009.0
1559707200,2019-06-05,42.87,45.66,42.5,45.0,28862825.0
1559793600,2019-06-06,45.0,45.75,44.28,44.92,16654670.0
1559880000,2019-06-07,44.92,45.67,44.13,44.16,12818673.0
1560139200,2019-06-10,44.02,44.59,42.53,42.61,11764629.0
1560225600,2019-06-11,43.25,43.65,41.8,42.45,9258531.0
1560312000,2019-06-12,42.52,42.65,41.71,42.17,6100621.0
1560398400,2019-06-13,43.06,44.35,42.8,44.31,10379499.0
1560484800,2019-06-14,44.75,44.8,43.11,43.23,7986572.0
1560744000,2019-06-17,43.28,44.079,42.93,43.78,7348667.0
1560830400,2019-06-18,44.3,44.89,43.75,43.86,7458237.0
1560916800,2019-06-19,44.46,45.5,43.95,44.86,10438806.0
1561003200,2019-06-20,45.03,45.29,43.51,43.86,9660257.0
1561089600,2019-06-21,43.85,44.14,43.38,44.0,5444223.0
1561348800,2019-06-24,44.0,44.07,42.82,43.09,6373043.0
1561435200,2019-06-25,43.28,43.79,42.4431,43.09,5913773.0
1561521600,2019-06-26,43.26,43.4,42.36,42.5,8368820.0
1561608000,2019-06-27,43.35,45.3,43.2,45.13,20699535.0
1561694400,2019-06-28,45.1,47.08,45.08,46.38,34436160.0
1561953600,2019-07-01,46.98,47.04,44.06,44.27,18238661.0
1562040000,2019-07-02,44.56,44.68,43.75,44.0,12000443.0
1562126400,2019-07-03,44.01,44.46,43.79,44.23,3441925.0
1562299200,2019-07-05,44.31,44.55,43.01,43.53,8343685.0
1562558400,2019-07-08,43.59,43.85,42.75,42.95,9405538.0
1562644800,2019-07-09,43.18,44.23,42.98,44.2,5360375.0
1562731200,2019-07-10,44.48,44.8,43.56,43.7,10348117.0
1562817600,2019-07-11,44.1,44.29,43.31,43.99,8780023.0
1562904000,2019-07-12,44.16,44.24,43.39,43.99,9536293.0
1563163200,2019-07-15,44.2,44.7,43.97,44.53,5916813.0
1563249600,2019-07-16,44.59,44.98,44.02,44.13,5784461.0
1563336000,2019-07-17,44.06,44.35,43.52,43.62,6031955.0
1563422400,2019-07-18,43.51,43.85,43.19,43.71,4219118.0
1563508800,2019-07-19,43.9,44.086,43.16,43.18,4090383.0
1563768000,2019-07-22,43.26,43.72,43.01,43.69,3879081.0
1563854400,2019-07-23,43.77,44.31,43.11,43.36,5206907.0
1563940800,2019-07-24,43.36,43.87,43.36,43.76,3826236.0
1564027200,2019-07-25,43.72,43.96,43.21,43.4,4478750.0
1564113600,2019-07-26,43.42,44.96,43.39,44.52,7663560.0
1564372800,2019-07-29,45.0,45.627,43.12,43.88,8744229.0
1564459200,2019-07-30,43.71,43.74,42.49,42.59,7764078.0
1564545600,2019-07-31,42.62,42.98,41.84,42.14,6197571.0
1564632000,2019-08-01,42.21,42.5355,41.0,41.31,7489890.0
1564718400,2019-08-02,41.02,41.06,39.95,40.4,8347407.0
1564977600,2019-08-05,39.35,39.42,38.4325,39.05,9966216.0
1565064000,2019-08-06,39.68,40.808,38.36,39.15,8703635.0
1565150400,2019-08-07,39.06,39.99,38.32,39.7,9058308.0
1565236800,2019-08-08,41.98,43.0,41.25,42.97,29866456.0
1565323200,2019-08-09,39.56,40.68,38.71,40.05,35321006.0
1565582400,2019-08-12,39.83,39.95,37.0,37.275,18829687.0
1565668800,2019-08-13,37.0,37.46,36.12,36.45,19286115.0
1565755200,2019-08-14,35.98,36.2999,33.36,33.96,24694531.0
1565841600,2019-08-15,34.52,34.55,32.92,33.22,13439411.0
1565928000,2019-08-16,33.46,35.48,33.4,35.23,14265325.0
1566187200,2019-08-19,35.53,35.8,34.37,34.61,11074011.0
1566273600,2019-08-20,34.48,36.07,34.39,35.29,10948610.0
1566360000,2019-08-21,35.5,35.83,34.75,34.91,8086621.0
1566446400,2019-08-22,34.8,34.91,33.52,34.0,8612590.0
1566532800,2019-08-23,33.66,34.23,33.12,33.43,8380554.0
1566792000,2019-08-26,33.67,33.83,33.06,33.31,5907279.0
1566878400,2019-08-27,33.69,34.24,32.98,33.11,6733806.0
1566964800,2019-08-28,32.56,33.05,32.26,32.59,6352324.0
1567051200,2019-08-29,32.9,33.3,32.6,32.76,5877330.0
1567137600,2019-08-30,33.05,33.13,32.04,32.57,6763061.0
1567483200,2019-09-03,32.1,32.53,30.665,30.7,12353459.0
1567569600,2019-09-04,30.94,32.36,30.85,31.99,10520444.0
1567656000,2019-09-05,32.36,33.03,32.25,32.51,8115967.0
1567742400,2019-09-06,32.71,32.74,31.41,31.86,7145552.0
1568001600,2019-09-09,32.09,32.39,31.46,32.24,7550199.0
1568088000,2019-09-10,32.0,33.74,31.65,33.51,10970240.0
1568174400,2019-09-11,33.38,35.14,33.02,34.0,14834630.0
1568260800,2019-09-12,34.14,34.4862,33.33,34.07,7884960.0
1568347200,2019-09-13,34.25,34.435,32.94,33.25,9549398.0
1568606400,2019-09-16,33.6,34.8,33.47,34.43,8130494.0
1568692800,2019-09-17,34.75,34.75,33.55,34.29,5681948.0
1568779200,2019-09-18,34.36,34.89,33.75,34.26,6741751.0
1568865600,2019-09-19,34.2,34.64,33.68,33.82,7015406.0
1568952000,2019-09-20,33.98,34.2173,32.5,32.6,12684182.0
1569211200,2019-09-23,32.52,33.01,32.06,33.0,5744905.0
1569297600,2019-09-24,33.0,33.1453,31.01,31.3,10851484.0
1569384000,2019-09-25,31.27,31.72,30.76,31.68,8025284.0
1569470400,2019-09-26,31.72,32.13,31.13,31.57,6149088.0
1569556800,2019-09-27,31.71,31.9,30.13,30.29,12047897.0
1569816000,2019-09-30,30.43,30.735,30.17,30.47,5151868.0
1569902400,2019-10-01,30.37,30.51,28.65,29.15,13646734.0
1569988800,2019-10-02,28.71,29.55,28.31,29.0,9531265.0
1570075200,2019-10-03,28.97,29.88,28.52,29.72,9631219.0
1570161600,2019-10-04,29.9,30.18,28.9,29.67,8810910.0
1570420800,2019-10-07,30.6,30.75,29.83,30.37,10355273.0
1570507200,2019-10-08,30.01,30.15,29.17,29.28,7946799.0
1570593600,2019-10-09,29.62,29.62,28.81,29.07,7457211.0
1570680000,2019-10-10,29.2,29.28,28.58,28.87,7925875.0
1570766400,2019-10-11,28.95,30.4,28.94,30.13,10938375.0
1571025600,2019-10-14,30.22,31.54,29.8186,31.12,8080409.0
1571112000,2019-10-15,31.2,32.17,31.195,32.0,8080364.0
1571198400,2019-10-16,31.8,32.38,31.4376,31.87,7972925.0
1571284800,2019-10-17,31.85,32.93,31.45,32.62,7380525.0
1571371200,2019-10-18,32.55,32.66,31.27,32.06,8359845.0
1571630400,2019-10-21,31.95,32.2828,31.185,31.41,7484139.0
1571716800,2019-10-22,31.43,33.89,30.22,32.53,19437054.0
1571803200,2019-10-23,32.9,33.27,32.17,33.05,6983562.0
1571889600,2019-10-24,33.0,33.42,32.51,33.28,7008165.0
1571976000,2019-10-25,33.2,33.48,32.61,32.71,8285634.0
1572235200,2019-10-28,32.9,33.355,32.5,33.22,8304650.0
1572321600,2019-10-29,32.37,32.92,31.8146,32.42,9596453.0
1572408000,2019-10-30,32.51,33.8,32.11,33.75,11100448.0
1572494400,2019-10-31,33.26,33.36,31.26,31.5,16569008.0
1572580800,2019-11-01,31.45,31.7,30.7412,31.37,10653763.0
1572843600,2019-11-04,31.45,31.75,30.12,31.08,32599722.0
1572930000,2019-11-05,29.13,29.3,27.97,28.02,52797714.0
1573016400,2019-11-06,26.06,27.55,25.58,26.94,134493165.0
1573102800,2019-11-07,26.8,27.42,26.45,27.38,66778361.0
1573189200,2019-11-08,27.48,27.62,26.915,27.01,46109218.0
1573448400,2019-11-11,27.03,27.21,26.23,27.14,42072801.0
1573534800,2019-11-12,27.38,27.66,26.66,26.7,37313602.0
1573621200,2019-11-13,26.47,26.82,26.14,26.71,35162610.0
1573707600,2019-11-14,26.8,26.86,25.665,25.99,28294620.0
1573794000,2019-11-15,26.18,26.8,25.955,26.79,42674461.0
1574053200,2019-11-18,26.8,27.0,26.3,26.75,37704526.0
1574139600,2019-11-19,26.77,27.22,26.61,27.05,35087345.0
1574226000,2019-11-20,27.06,28.4,26.945,28.03,54653414.0
1574312400,2019-11-21,28.67,29.6,28.5,29.46,56230372.0
1574398800,2019-11-22,29.84,30.13,29.21,29.56,45040889.0
1574658000,2019-11-25,28.69,29.6,28.38,29.11,39693733.0
1574744400,2019-11-26,29.49,30.15,29.36,29.53,33189447.0
1574830800,2019-11-27,29.42,29.59,28.88,29.49,23913485.0
1575003600,2019-11-29,29.41,29.85,29.25,29.6,8268098.0
1575262800,2019-12-02,29.32,29.525,28.7,28.98,17759219.0
1575349200,2019-12-03,28.2,29.33,28.15,29.02,25887297.0
1575435600,2019-12-04,29.1,29.2,28.7,29.06,22927492.0
1575522000,2019-12-05,28.95,28.99,28.18,28.65,23172254.0
1575608400,2019-12-06,28.4,28.925,27.8001,27.86,34777468.0
1575867600,2019-12-09,27.96,28.36,27.68,27.68,22948358.0
1575954000,2019-12-10,27.73,27.993,27.605,27.89,24958033.0
1576040400,2019-12-11,27.99,28.545,27.8497,28.42,24413729.0
1576126800,2019-12-12,28.29,28.75,28.19,28.69,24259633.0
1576213200,2019-12-13,28.58,28.84,28.27,28.49,26057783.0
1576472400,2019-12-16,29.11,30.13,29.1,30.05,65821174.0
1576558800,2019-12-17,30.37,30.42,29.53,29.75,45076122.0
1576645200,2019-12-18,29.62,30.14,29.34,30.13,41815631.0
1576731600,2019-12-19,29.84,30.17,29.5301,29.99,40664754.0
1576818000,2019-12-20,30.1,31.03,29.85,30.45,133922249.0
1577077200,2019-12-23,30.49,30.94,29.83,30.33,33901020.0
1577163600,2019-12-24,30.33,30.84,30.11,30.44,13345624.0
1577336400,2019-12-26,30.47,30.79,30.03,30.67,23266874.0
1577422800,2019-12-27,30.8,31.06,30.17,30.17,19547611.0
1577682000,2019-12-30,30.13,30.2,29.35,29.74,20143500.0
1577768400,2019-12-31,29.11,29.95,28.9,29.74,16732406.0
1577941200,2020-01-02,29.94,31.0,29.79,30.99,21038763.0
1578027600,2020-01-03,30.65,31.43,30.48,31.37,19096146.0
1578286800,2020-01-06,31.02,32.06,31.0,31.58,21850118.0
1578373200,2020-01-07,31.79,32.84,31.36,32.81,32395398.0
1578459600,2020-01-08,32.73,34.52,32.46,33.93,44339863.0
1578546000,2020-01-09,34.47,34.47,33.22,33.97,30163108.0
1578632400,2020-01-10,34.07,34.99,33.835,34.01,36836651.0
1578891600,2020-01-13,34.29,34.34,33.55,34.14,17509975.0
1578978000,2020-01-14,34.2,35.02,33.92,34.84,27056876.0
1579064400,2020-01-15,34.9,35.1493,34.51,35.01,21251029.0
1579150800,2020-01-16,35.06,35.06,34.18,34.68,22218002.0
1579237200,2020-01-17,34.97,35.25,34.65,35.13,17617955.0
1579582800,2020-01-21,35.5,37.8,35.41,37.6,51591864.0
1579669200,2020-01-22,37.94,37.94,36.92,37.04,32113590.0
1579755600,2020-01-23,36.97,37.95,36.725,37.4,22253052.0
1579842000,2020-01-24,37.51,37.665,36.25,36.8,22223014.0
1580101200,2020-01-27,35.23,36.65,34.19,36.3,19280289.0
1580187600,2020-01-28,37.11,37.33,36.04,37.01,29620624.0
1580274000,2020-01-29,36.98,37.565,36.8,36.99,17121623.0
1580360400,2020-01-30,36.82,37.1319,35.95,36.68,24882987.0
1580446800,2020-01-31,37.01,37.04,35.69,36.29,23145533.0
1580706000,2020-02-03,36.76,37.64,36.53,37.59,23907589.0
1580792400,2020-02-04,37.87,38.99,37.26,38.53,32801658.0
1580878800,2020-02-05,38.89,38.97,36.735,36.81,39530237.0
1580965200,2020-02-06,37.3,37.39,36.73,37.09,55877038.0
1581051600,2020-02-07,39.98,41.0,36.5,40.63,113390117.0
1581310800,2020-02-10,40.6,41.34,39.96,40.01,62122186.0
1581397200,2020-02-11,40.25,41.465,40.05,41.27,34448050.0
1581483600,2020-02-12,41.5,41.86,41.065,41.25,27650615.0
1581570000,2020-02-13,40.9,41.55,40.0,40.09,24212528.0
1581656400,2020-02-14,40.02,40.31,38.7,39.66,33377264.0
1582002000,2020-02-18,39.49,40.27,39.45,40.18,23749672.0
1582088400,2020-02-19,40.42,41.23,40.115,41.05,24974160.0
1582174800,2020-02-20,41.0,41.19,39.85,40.92,26625348.0
1582261200,2020-02-21,40.89,40.89,40.05,40.72,21426237.0
1582520400,2020-02-24,38.21,39.14,37.75,38.31,38024166.0
1582606800,2020-02-25,38.9,39.15,35.5,35.89,50211217.0
1582693200,2020-02-26,35.53,36.165,33.89,34.45,44937381.0
1582779600,2020-02-27,32.03,34.16,30.67,32.45,68140471.0
1582866000,2020-02-28,31.81,34.29,31.0,33.87,61773962.0
1583125200,2020-03-02,34.05,34.08,31.74,32.85,48878611.0
1583211600,2020-03-03,34.02,34.18,31.9,33.04,35676589.0
1583298000,2020-03-04,33.93,35.34,32.28,34.53,45380816.0
1583384400,2020-03-05,33.47,33.57,31.97,32.21,33439593.0
1583470800,2020-03-06,31.23,32.41,30.45,31.68,36793117.0
1583726400,2020-03-09,28.5,30.32,28.15,28.17,38112860.0
1583812800,2020-03-10,29.47,29.86,27.0,28.97,36986770.0
1583899200,2020-03-11,27.86,28.14,25.61,26.24,44303803.0
1583985600,2020-03-12,23.26,24.69,22.11,22.61,54731737.0
1584072000,2020-03-13,24.01,24.81,21.13,22.6,54476088.0
1584331200,2020-03-16,20.15,21.49,19.1,20.29,58270246.0
1584417600,2020-03-17,20.31,20.31,18.01,18.91,60627247.0
1584504000,2020-03-18,17.76,17.8,13.71,15.005,79077239.0
1584590400,2020-03-19,15.96,21.26,15.7,20.49,85594382.0
1584676800,2020-03-20,22.53,23.89,20.61,21.33,80332879.0
1584936000,2020-03-23,21.07,22.73,19.73,22.4,49790871.0
1585022400,2020-03-24,24.41,26.84,23.59,26.39,62658796.0
1585108800,2020-03-25,26.18,28.45,25.3104,26.19,53312106.0
1585195200,2020-03-26,26.6,28.44,25.78,28.12,42643540.0
1585281600,2020-03-27,26.0,28.03,25.07,27.28,40516226.0
1585540800,2020-03-30,26.33,28.39,25.31,27.83,38045582.0
1585627200,2020-03-31,27.75,28.25,26.92,27.92,44416206.0
1585713600,2020-04-01,26.5,26.767,24.8101,25.42,39148745.0
1585800000,2020-04-02,25.01,25.2,23.0,23.68,36504822.0
1585886400,2020-04-03,23.73,23.79,21.67,22.82,42918867.0
1586145600,2020-04-06,24.13,26.09,23.93,25.99,35462033.0
1586232000,2020-04-07,27.95,28.11,25.5,25.74,36826193.0
1586318400,2020-04-08,26.0,27.8781,25.79,26.94,38512773.0
1586404800,2020-04-09,27.87,28.89,26.46,27.11,36718784.0
1586750400,2020-04-13,27.04,28.08,26.47,27.99,24823256.0
1586836800,2020-04-14,28.0,28.77,27.013,27.75,33195561.0
1586923200,2020-04-15,26.83,27.79,26.44,27.41,18989471.0
1587009600,2020-04-16,27.21,28.05,26.46,27.03,24277575.0
1587096000,2020-04-17,28.69,28.79,27.26,28.0,34377284.0
1587355200,2020-04-20,27.07,28.76,26.9,28.19,34567334.0
1587441600,2020-04-21,27.5,28.15,26.6,27.19,21511935.0
1587528000,2020-04-22,27.97,28.56,27.51,28.24,22255409.0
1587614400,2020-04-23,28.66,29.25,28.2414,28.33,27302030.0
1587700800,2020-04-24,28.51,29.59,28.14,29.49,20996283.0
1587960000,2020-04-27,29.74,30.49,29.4112,30.08,32108389.0
1588046400,2020-04-28,31.0,31.83,29.36,30.12,27650542.0
1588132800,2020-04-29,31.04,32.0,30.33,31.37,29308817.0
1588219200,2020-04-30,30.5,31.05,29.75,30.27,21410741.0
1588305600,2020-05-01,29.15,29.72,28.325,28.39,19665639.0
1588564800,2020-05-04,27.57,28.07,26.58,27.42,23781104.0
1588651200,2020-05-05,28.25,28.9088,27.44,28.07,31974321.0
1588737600,2020-05-06,27.5,28.06,26.81,27.82,31989448.0
1588824000,2020-05-07,29.6,31.65,29.58,30.93,63441610.0
1588910400,2020-05-08,32.59,33.3,31.64,32.79,70364502.0
1589169600,2020-05-11,31.98,32.385,31.41,31.64,26918253.0
1589256000,2020-05-12,31.42,34.45,30.41,32.4,89954992.0
1589342400,2020-05-13,32.3,33.06,30.83,33.02,47747192.0
1589428800,2020-05-14,32.53,33.0399,31.24,32.79,33561602.0
1589515200,2020-05-15,32.26,32.89,31.59,32.47,26267626.0
1589774400,2020-05-18,33.7,36.0,32.99,33.62,47959899.0
1589860800,2020-05-19,33.65,34.0,32.86,33.4,20489633.0
1589947200,2020-05-20,34.12,34.77,33.82,34.48,22627998.0
1590033600,2020-05-21,34.45,35.01,33.47,34.26,24604185.0
1590120000,2020-05-22,34.15,34.93,33.57,34.83,19391719.0
1590465600,2020-05-26,35.97,36.0,34.5,34.56,24334803.0
1590552000,2020-05-27,34.42,35.0,33.1,34.88,28017924.0
1590638400,2020-05-28,34.9,35.1,33.82,34.15,22995096.0
1590724800,2020-05-29,34.18,36.45,34.0,36.32,91856004.0
1590984000,2020-06-01,35.68,36.39,35.16,35.82,22834914.0
1591070400,2020-06-02,36.16,36.42,35.26,35.81,19702828.0
1591156800,2020-06-03,36.26,37.3678,36.14,36.75,23487319.0
1591243200,2020-06-04,36.42,37.3,36.28,36.43,17763661.0
1591329600,2020-06-05,37.53,38.7825,36.92,37.21,30815819.0
1591588800,2020-06-08,37.89,37.9,36.09,37.08,30653744.0
1591675200,2020-06-09,36.63,37.33,36.25,36.59,15657156.0
1591761600,2020-06-10,36.69,36.8,34.265,34.83,44297519.0
1591848000,2020-06-11,32.63,33.245,30.8904,31.1,45739549.0
1591934400,2020-06-12,32.73,32.74,31.04,32.24,27978875.0
1592193600,2020-06-15,31.16,32.68,31.0201,32.67,23012431.0
1592280000,2020-06-16,34.01,34.17,32.43,33.49,22099532.0
1592366400,2020-06-17,33.5,33.595,33.011,33.29,15971182.0
1592452800,2020-06-18,32.97,33.44,32.8,33.4,16584961.0
1592539200,2020-06-19,33.94,34.02,32.27,32.3,35307307.0
1592798400,2020-06-22,32.41,32.85,31.43,32.68,18845214.0
1592884800,2020-06-23,32.88,33.21,32.5901,33.05,14876981.0
1592971200,2020-06-24,32.75,32.93,30.455,30.46,30226791.0
1593057600,2020-06-25,30.0,30.855,29.56,30.58,19728284.0
1593144000,2020-06-26,30.4,30.44,29.2099,29.61,63257773.0
1593403200,2020-06-29,29.52,29.75,28.39,29.63,22751572.0
1593489600,2020-06-30,30.83,31.25,30.13,31.08,22300047.0
1593576000,2020-07-01,30.96,31.265,30.1622,30.43,14023363.0
1593662400,2020-07-02,30.99,31.57,30.51,30.68,16270730.0
1594008000,2020-07-06,33.1,33.2,31.76,32.52,43291159.0
1594094400,2020-07-07,32.46,33.5598,32.39,32.82,37665343.0
1594180800,2020-07-08,33.21,33.97,32.68,33.93,26013271.0
1594267200,2020-07-09,34.24,34.46,32.2599,33.15,26236789.0
1594353600,2020-07-10,33.14,33.55,32.65,33.14,13952537.0
1594612800,2020-07-13,33.21,33.6,31.66,31.72,20260190.0
1594699200,2020-07-14,31.33,31.38,30.48,30.93,23017386.0
1594785600,2020-07-15,32.1,32.97,31.68,32.81,21791559.0
1594872000,2020-07-16,32.05,32.59,31.55,32.35,11370972.0
1594958400,2020-07-17,32.58,32.8162,31.85,32.55,14057459.0
1595217600,2020-07-20,32.48,33.925,32.35,33.66,16748266.0
1595304000,2020-07-21,34.16,34.23,32.53,32.55,17343740.0
1595390400,2020-07-22,32.44,32.88,32.33,32.66,12517542.0
1595476800,2020-07-23,32.33,33.02,31.983,32.17,13595715.0
1595563200,2020-07-24,31.74,31.8,30.47,31.18,17319616.0
1595822400,2020-07-27,31.21,31.6,30.75,30.99,10834179.0
1595908800,2020-07-28,30.79,31.24,30.35,30.81,13227288.0
1595995200,2020-07-29,30.92,31.26,30.77,31.02,8492484.0
1596081600,2020-07-30,30.65,30.68,29.97,30.24,13338469.0
1596168000,2020-07-31,30.4,30.42,29.785,30.26,18662185.0
1596427200,2020-08-03,30.24,31.295,30.06,31.19,17912514.0
1596513600,2020-08-04,31.17,32.845,31.17,32.68,22351632.0
1596600000,2020-08-05,33.1,33.32,32.5,33.2,17860995.0
1596686400,2020-08-06,33.27,34.795,33.21,34.71,39670731.0
1596772800,2020-08-07,33.09,33.7,32.45,32.9,39915050.0
1597032000,2020-08-10,33.04,33.18,31.51,32.27,22415639.0
1597118400,2020-08-11,31.66,32.21,30.65,31.21,31946886.0
1597204800,2020-08-12,31.46,32.22,30.69,30.84,31879968.0
1597291200,2020-08-13,30.52,31.33,30.32,30.46,22413943.0
1597377600,2020-08-14,30.4,30.49,29.815,29.99,18987385.0
1597636800,2020-08-17,30.05,30.12,29.14,29.48,18939577.0
1597723200,2020-08-18,29.5,30.46,29.41,30.08,30001579.0
1597809600,2020-08-19,30.15,30.349,29.39,29.42,15268000.0
1597896000,2020-08-20,29.13,31.7,28.48,31.41,58393335.0
1597982400,2020-08-21,31.39,31.82,30.7144,30.83,20854772.0
1598241600,2020-08-24,30.97,31.3,30.37,31.04,18946162.0
1598328000,2020-08-25,31.04,31.19,30.6,31.19,10464009.0
1598414400,2020-08-26,31.01,32.71,30.95,32.3,21123610.0
1598500800,2020-08-27,32.4,33.07,32.27,32.8,22053015.0
1598587200,2020-08-28,33.0,33.94,32.82,33.8,18330819.0
1598846400,2020-08-31,33.62,33.92,33.1401,33.63,16910490.0
1598932800,2020-09-01,33.45,34.51,33.145,34.3,16381741.0
1599019200,2020-09-02,34.21,34.505,33.29,34.37,16962034.0
1599105600,2020-09-03,34.08,34.74,32.95,33.41,17639890.0
1599192000,2020-09-04,33.33,33.65,31.55,33.24,18199423.0
1599537600,2020-09-08,32.36,35.1,32.16,34.32,34565779.0
1599624000,2020-09-09,34.11,35.5,34.11,35.01,24038240.0
1599710400,2020-09-10,35.2,36.78,35.19,35.98,36347552.0
1599796800,2020-09-11,36.3,37.145,36.254,36.98,27407551.0
1600056000,2020-09-14,37.1,38.0,37.08,37.95,28632467.0
1600142400,2020-09-15,37.95,38.48,37.27,37.47,23899554.0
1600228800,2020-09-16,37.39,38.52,37.39,37.66,22269669.0
1600315200,2020-09-17,36.6,37.445,36.14,37.06,24040216.0
1600401600,2020-09-18,37.16,37.565,36.39,37.12,110680532.0
1600660800,2020-09-21,35.86,36.58,35.12,36.49,19520763.0
1600747200,2020-09-22,36.53,36.55,34.1,34.4,30148140.0
1600833600,2020-09-23,34.45,34.805,33.4,33.55,16862101.0
1600920000,2020-09-24,33.66,34.0,32.89,33.35,16986964.0
1601006400,2020-09-25,33.2,34.5,33.2,34.46,11058891.0
1601265600,2020-09-28,35.8,36.625,35.26,35.56,23863573.0
1601352000,2020-09-29,35.56,35.65,34.595,35.43,18002412.0
1601438400,2020-09-30,35.28,36.5,35.28,36.48,23155561.0
1601524800,2020-10-01,36.83,37.8282,36.58,37.14,19907282.0
1601611200,2020-10-02,36.0,37.99,35.94,37.72,21632883.0
1601870400,2020-10-05,37.7,38.0,36.88,37.14,13722022.0
1601956800,2020-10-06,37.17,37.37,36.04,36.26,13588479.0
1602043200,2020-10-07,36.59,37.11,36.365,36.78,15743038.0
1602129600,2020-10-08,37.0,37.83,36.96,37.34,13014369.0
1602216000,2020-10-09,37.91,38.35,37.19,37.27,13759963.0
1602475200,2020-10-12,37.56,37.56,36.175,36.26,17822800.0
1602561600,2020-10-13,36.2,36.23,35.02,35.56,15915543.0
1602648000,2020-10-14,35.69,36.09,35.075,35.11,15734701.0
1602734400,2020-10-15,34.68,34.81,34.02,34.26,15869248.0
1602820800,2020-10-16,34.78,34.8,33.61,33.72,15830186.0
1603080000,2020-10-19,34.16,34.59,34.0,34.22,21429235.0
1603166400,2020-10-20,34.53,36.76,34.53,36.31,30164766.0
1603252800,2020-10-21,36.25,36.25,34.8751,35.2,19545792.0
1603339200,2020-10-22,35.42,36.89,34.9146,36.7,14844179.0
1603425600,2020-10-23,36.5,36.99,35.9238,36.75,16606986.0
1603684800,2020-10-26,36.48,36.74,35.12,35.49,14276440.0
1603771200,2020-10-27,35.51,35.7,34.02,34.16,14716397.0
1603857600,2020-10-28,33.62,33.66,32.9,33.65,16642815.0
1603944000,2020-10-29,33.71,34.935,33.33,34.06,14037783.0
1604030400,2020-10-30,33.91,34.3903,33.155,33.41,14175896.0
1604293200,2020-11-02,34.15,35.05,34.06,34.81,19712020.0
1604379600,2020-11-03,35.27,36.15,35.15,35.77,16779103.0
1604466000,2020-11-04,40.66,42.15,39.0,40.99,105158714.0
1604552400,2020-11-05,40.41,42.05,40.01,41.96,35176209.0
1604638800,2020-11-06,42.09,45.38,41.62,44.87,58187820.0
1604898000,2020-11-09,48.01,49.62,47.3,48.18,62923456.0
1604984400,2020-11-10,46.69,49.36,46.045,47.0,33491443.0
1605070800,2020-11-11,46.72,47.52,45.91,46.23,19812963.0
1605157200,2020-11-12,45.39,47.47,45.05,46.4,16879711.0
1605243600,2020-11-13,47.1,47.79,45.93,47.61,15876676.0
1605502800,2020-11-16,48.75,50.09,48.48,49.21,30010458.0
1605589200,2020-11-17,48.72,49.62,48.5,48.89,17295950.0
1605675600,2020-11-18,48.77,49.95,48.33,49.11,18242815.0
1605762000,2020-11-19,49.09,49.91,48.65,49.26,13876993.0
1605848400,2020-11-20,49.98,50.75,48.27,48.43,17939023.0
1606107600,2020-11-23,48.66,50.88,48.51,50.04,17653935.0
1606194000,2020-11-24,50.62,52.15,50.4838,51.26,16498520.0
1606280400,2020-11-25,51.27,51.45,49.92,50.8,11984266.0
1606453200,2020-11-27,50.93,51.19,50.2,50.72,8507036.0
1606712400,2020-11-30,50.22,51.005,48.53,49.66,18718478.0
1606798800,2020-12-01,50.0,51.41,49.07,49.63,21681104.0
1606885200,2020-12-02,49.26,53.45,48.53,53.09,31528789.0
1606971600,2020-12-03,53.3,53.49,52.12,52.52,13529658.0
1607058000,2020-12-04,52.71,54.86,52.71,54.86,22897365.0
1607317200,2020-12-07,54.57,54.87,53.65,53.8,14828058.0
1607403600,2020-12-08,52.4,54.22,52.35,53.01,28317900.0
1607490000,2020-12-09,54.03,56.02,53.06,53.79,47605544.0
1607576400,2020-12-10,52.33,54.62,51.3,54.35,21834297.0
1607662800,2020-12-11,54.47,55.025,52.33,52.63,17283570.0
1607922000,2020-12-14,53.27,53.44,51.24,51.46,20086506.0
1608008400,2020-12-15,52.12,52.825,50.87,51.0,18509035.0
1608094800,2020-12-16,51.18,51.68,50.29,50.49,21239094.0
1608181200,2020-12-17,50.59,51.3,50.17,50.63,20786155.0
1608267600,2020-12-18,50.81,50.95,49.52,50.62,29015987.0
1608526800,2020-12-21,49.0,52.35,48.79,51.8,24400320.0
1608613200,2020-12-22,52.11,54.36,51.92,53.78,24652372.0
1608699600,2020-12-23,53.8,54.09,52.99,53.71,13147238.0
1608786000,2020-12-24,53.6,53.625,52.29,52.88,6452218.0
1609131600,2020-12-28,53.02,53.13,51.56,51.97,13542248.0
1609218000,2020-12-29,52.33,52.99,51.47,52.27,11039518.0
1609304400,2020-12-30,52.72,53.85,52.22,53.15,9745531.0
1609390800,2020-12-31,53.28,53.28,51.0,51.0,14343095.0
1609736400,2021-01-04,52.22,52.32,49.635,51.14,18278801.0
1609822800,2021-01-05,51.0,54.19,50.76,54.01,22154012.0
1609909200,2021-01-06,53.42,54.07,52.0,52.48,18582637.0
1609995600,2021-01-07,53.32,56.25,53.2,56.13,24394603.0
1610082000,2021-01-08,54.395,54.79,52.58,53.28,39411818.0
1610341200,2021-01-11,53.105,55.0,52.99,54.59,25792579.0
1610427600,2021-01-12,55.5,59.39,55.0,58.54,52884142.0
1610514000,2021-01-13,58.54,59.88,57.53,59.4,25090977.0
1610600400,2021-01-14,60.0,60.03,56.7,56.91,27281220.0
1610686800,2021-01-15,57.49,57.9,55.0,55.52,26832390.0
1611032400,2021-01-19,56.39,56.8424,55.0,56.3,18134370.0
1611118800,2021-01-20,57.0,57.98,55.47,56.38,19005434.0
1611205200,2021-01-21,56.57,57.0,55.3136,55.79,14382297.0
1611291600,2021-01-22,55.25,55.47,54.01,54.31,22959816.0
1611550800,2021-01-25,54.5,54.52,49.65,54.29,41269913.0
1611637200,2021-01-26,54.64,55.52,51.53,51.92,30594156.0
1611723600,2021-01-27,50.0,50.86,47.15,48.11,34529145.0
1611810000,2021-01-28,50.12,52.52,49.88,51.58,29313791.0
1611896400,2021-01-29,50.63,51.4899,49.635,50.93,19750257.0
1612155600,2021-02-01,52.12,52.9,51.35,52.76,16224039.0
1612242000,2021-02-02,55.11,58.03,54.89,56.46,30964843.0
1612328400,2021-02-03,57.87,58.13,56.74,57.12,14312706.0
1612414800,2021-02-04,56.34,57.85,56.11,57.85,14382425.0
1612501200,2021-02-05,58.16,58.7075,57.37,58.58,16209944.0
1612760400,2021-02-08,59.83,60.11,58.69,59.29,18975530.0
1612846800,2021-02-09,58.94,61.06,58.62,59.61,24081921.0
1612933200,2021-02-10,62.09,63.5,60.8,63.18,37533680.0
1613019600,2021-02-11,63.25,64.05,60.395,60.71,41960086.0
1613106000,2021-02-12,60.12,60.93,59.315,60.63,14889662.0
1613451600,2021-02-16,61.02,61.31,59.84,60.52,15964022.0
1613538000,2021-02-17,60.33,60.95,58.95,60.81,13272820.0
1613624400,2021-02-18,60.0,60.29,58.23,59.0,15641460.0
1613710800,2021-02-19,58.36,60.4572,58.113,58.39,29434523.0
1613970000,2021-02-22,57.75,58.1,54.8157,55.31,26303934.0
1614056400,2021-02-23,53.61,56.37,51.89,56.0,24481668.0
1614142800,2021-02-24,54.95,55.15,53.66,53.91,25162483.0
1614229200,2021-02-25,54.58,54.6,50.86,51.45,27474751.0
1614315600,2021-02-26,52.07,52.75,50.61,51.75,17421046.0
1614574800,2021-03-01,53.67,54.76,53.3,54.4,19094165.0
1614661200,2021-03-02,55.56,55.62,54.1894,54.65,16039424.0
1614747600,2021-03-03,55.93,57.8,54.65,56.11,29145438.0
1614834000,2021-03-04,55.75,57.16,51.61,53.07,27997058.0
1614920400,2021-03-05,54.28,55.83,50.81,55.54,32236764.0
1615179600,2021-03-08,55.5,56.45,52.89,53.2,20288179.0
1615266000,2021-03-09,56.0,56.15,54.72,55.25,17599084.0
1615352400,2021-03-10,57.0,58.9,56.27,57.68,28397788.0
1615438800,2021-03-11,58.8,59.48,58.22,58.95,17738911.0
1615525200,2021-03-12,58.97,60.59,57.62,60.35,15435295.0
1615780800,2021-03-15,60.45,60.53,59.12,60.19,16413427.0
1615867200,2021-03-16,59.99,61.02,58.38,58.85,13646236.0
1615953600,2021-03-17,57.07,57.57,55.54,56.36,26300985.0
1616040000,2021-03-18,56.63,57.48,55.21,55.69,17252337.0
1616126400,2021-03-19,55.48,57.18,54.34,57.08,20506248.0
1616385600,2021-03-22,57.25,57.61,55.47,55.69,16194771.0
1616472000,2021-03-23,55.62,55.63,53.11,53.49,15305686.0
1616558400,2021-03-24,54.46,54.96,52.54,52.57,14123632.0
1616644800,2021-03-25,52.0,54.28,51.8,53.89,13673015.0
1616731200,2021-03-26,54.4,55.25,53.52,54.71,15420390.0
1616990400,2021-03-29,54.8,54.8,52.85,53.35,10013821.0
1617076800,2021-03-30,53.0,54.12,52.64,53.46,9976424.0
1617163200,2021-03-31,53.96,55.18,53.58,54.51,16537234.0
1617249600,2021-04-01,55.61,57.63,54.81,57.6,19164392.0
1617595200,2021-04-05,58.1,58.42,56.64,57.4,14138278.0
1617681600,2021-04-06,57.34,58.99,57.16,58.05,14054033.0
1617768000,2021-04-07,58.02,58.13,55.95,56.89,13288913.0
1617854400,2021-04-08,56.65,57.94,56.54,57.83,9881161.0
1617940800,2021-04-09,57.32,57.88,56.4,57.68,10512825.0
1618200000,2021-04-12,59.05,60.77,58.75,59.44,36041324.0
1618286400,2021-04-13,59.65,61.01,58.53,60.64,21006095.0
1618372800,2021-04-14,60.11,61.5,59.18,59.23,19300031.0
1618459200,2021-04-15,59.88,61.09,59.5501,60.74,17500176.0
1618545600,2021-04-16,60.74,60.85,59.54,60.35,11843646.0
1618804800,2021-04-19,60.0,60.0,57.85,57.85,107034.0
1618891200,2021-04-20,58.0,58.12,55.244,55.48,19081128.0
1618977600,2021-04-21,55.0,56.2,54.61,55.77,12055980.0
1619064000,2021-04-22,55.85,57.2189,55.19,56.28,17353579.0
1619150400,2021-04-23,56.56,57.95,56.39,57.93,9728731.0
1619409600,2021-04-26,58.05,58.36,57.33,57.61,8877631.0
1619496000,2021-04-27,58.32,58.4,57.05,57.16,13445578.0
1619582400,2021-04-28,56.88,58.48,56.66,58.44,9642445.0
1619668800,2021-04-29,59.0,59.22,53.11,54.93,44022076.0
1619755200,2021-04-30,54.3,55.65,54.11,54.77,18182165.0
1620014400,2021-05-03,55.12,56.13,54.84,54.85,14548514.0
1620100800,2021-05-04,54.52,54.72,52.01,52.99,19798655.0
1620187200,2021-05-05,53.87,54.07,50.63,51.18,45057484.0
1620273600,2021-05-06,48.39,49.81,45.72,46.65,80340853.0
1620360000,2021-05-07,47.22,48.6,46.5346,47.03,28607637.0
1620619200,2021-05-10,47.71,47.85,45.6,45.79,28309814.0
1620705600,2021-05-11,44.5,46.79,44.182,46.21,30136616.0
1620792000,2021-05-12,45.9,46.105,43.17,43.81,33491031.0
1620878400,2021-05-13,44.99,46.1,43.5601,44.48,36749741.0
1620964800,2021-05-14,45.03,47.71,44.85,47.42,25303373.0
1621224000,2021-05-17,47.24,47.94,46.51,47.51,30158068.0
1621310400,2021-05-18,49.67,50.29,48.525,49.17,48695695.0
1621396800,2021-05-19,47.53,49.83,47.37,49.47,28769643.0
1621483200,2021-05-20,49.57,49.95,48.76,49.33,32700653.0
1621569600,2021-05-21,49.57,49.95,48.76,48.82,33172631.0
1621828800,2021-05-24,49.33,50.4,48.85,50.03,28808261.0
1621915200,2021-05-25,50.74,51.59,50.44,50.46,30110174.0
1622001600,2021-05-26,50.32,51.36,49.76,51.12,28476505.0
1622088000,2021-05-27,51.44,51.69,48.72,50.71,92953261.0
1622174400,2021-05-28,50.675,51.74,50.47,50.83,25206475.0
1622520000,2021-06-01,51.62,51.66,49.84,50.98,28782791.0
1622606400,2021-06-02,51.19,51.41,50.55,50.79,21937472.0
1622692800,2021-06-03,50.43,50.5,48.53,48.7,25503866.0
1622779200,2021-06-04,49.56,50.22,49.07,50.18,18406992.0
1623038400,2021-06-07,50.49,51.22,49.75,50.76,28505418.0
1623124800,2021-06-08,50.7,51.4,48.66,49.88,34900124.0
1623211200,2021-06-09,50.0,50.17,49.11,49.14,21643375.0
1623297600,2021-06-10,49.69,49.895,48.425,49.55,26316471.0
1623384000,2021-06-11,50.03,50.36,49.535,50.01,21023150.0
1623643200,2021-06-14,50.06,51.49,49.56,50.77,16623773.0
1623729600,2021-06-15,49.55,49.955,49.09,49.3,21158791.0
1623816000,2021-06-16,49.35,49.66,48.29,48.89,21615703.0
1623902400,2021-06-17,48.96,49.835,48.31,49.7,20973181.0
1623988800,2021-06-18,49.31,50.39,48.775,49.7,26371220.0
1624248000,2021-06-21,49.72,49.86,47.9,48.12,34156532.0
1624334400,2021-06-22,48.3,49.34,47.75,49.05,21710397.0
1624420800,2021-06-23,49.06,50.77,49.01,50.51,20406101.0
1624507200,2021-06-24,51.3,51.55,50.22,50.82,13155869.0
1624593600,2021-06-25,51.18,51.83,50.53,51.73,32746179.0
1624852800,2021-06-28,51.75,52.36,50.365,51.11,25707771.0
1624939200,2021-06-29,51.0,51.3,50.24,50.76,14976856.0
1625025600,2021-06-30,51.02,51.13,49.71,50.12,19043562.0
1625112000,2021-07-01,50.88,51.6,50.02,50.59,18918313.0
1625198400,2021-07-02,50.57,51.825,50.39,51.71,14348099.0
1625544000,2021-07-06,50.6,52.03,50.4,50.8,22365478.0
1625630400,2021-07-07,50.8,51.03,48.54,48.68,26090677.0
1625716800,2021-07-08,47.16,48.21,46.57,47.55,27755944.0
1625803200,2021-07-09,47.84,49.25,47.71,49.07,17952378.0
1626062400,2021-07-12,48.87,49.29,48.09,48.41,16890257.0
1626148800,2021-07-13,48.49,48.59,47.75,48.08,12012555.0
1626235200,2021-07-14,48.28,48.59,47.11,47.15,17610889.0
1626321600,2021-07-15,46.86,47.46,46.15,46.42,18674443.0
1626408000,2021-07-16,46.4,47.09,46.01,46.19,20709083.0
1626667200,2021-07-19,45.0,45.7466,44.435,45.56,22332955.0
1626753600,2021-07-20,45.46,46.66,45.07,46.32,15724254.0
1626840000,2021-07-21,46.53,47.94,46.35,47.52,15778891.0
1626926400,2021-07-22,47.7,48.17,47.24,47.57,12223140.0
1627012800,2021-07-23,47.61,47.69,46.78,47.46,9912506.0
1627272000,2021-07-26,47.04,47.6,46.37,46.81,14542830.0
1627358400,2021-07-27,46.54,46.6599,44.765,45.82,17873270.0
1627444800,2021-07-28,45.88,46.9632,45.81,46.14,21345615.0
1627531200,2021-07-29,44.12,45.21,44.0,44.69,52083285.0
1627617600,2021-07-30,44.38,44.73,43.34,43.46,23895630.0
1627876800,2021-08-02,44.1,44.29,43.445,43.49,29286288.0
1627963200,2021-08-03,43.56,43.68,41.62,42.79,39630575.0
1628049600,2021-08-04,42.7,42.82,41.37,41.81,43994668.0
1628136000,2021-08-05,40.5,44.65,40.15,43.07,62520230.0
1628222400,2021-08-06,43.74,44.935,43.65,44.28,26245369.0
1628481600,2021-08-09,44.19,44.27,43.21,43.25,20979877.0
1628568000,2021-08-10,43.7,44.24,43.25,43.5,31784483.0
1628654400,2021-08-11,43.41,43.5,42.0,43.08,23881468.0
1628740800,2021-08-12,42.86,42.965,42.18,42.73,18218384.0
1628827200,2021-08-13,42.8,43.03,42.2,42.22,9073643.0
1629086400,2021-08-16,41.76,41.79,40.86,41.5,21040868.0
1629172800,2021-08-17,41.0,41.48,40.58,41.0,22685966.0
1629259200,2021-08-18,40.97,41.53,40.8,40.88,14105668.0
1629345600,2021-08-19,40.28,40.6,39.51,39.86,24552677.0
1629432000,2021-08-20,39.69,40.0799,39.2399,39.95,18775159.0
1629691200,2021-08-23,39.0,41.08,38.84,41.0,34535619.0
1629777600,2021-08-24,41.1,41.21,39.97,40.17,45703325.0
1629864000,2021-08-25,40.44,42.11,40.04,41.55,28276035.0
1629950400,2021-08-26,41.49,41.94,40.54,40.62,19044479.0
1630036800,2021-08-27,40.53,41.31,40.5,40.69,14197466.0
1630296000,2021-08-30,40.58,40.74,39.11,39.59,31061972.0
1630382400,2021-08-31,39.81,40.275,39.125,39.14,27700435.0
1630468800,2021-09-01,39.98,41.665,39.87,40.62,28732689.0
1630555200,2021-09-02,40.75,41.86,40.5365,41.4,21848679.0
1630641600,2021-09-03,41.22,41.575,40.23,40.32,15941120.0
1630987200,2021-09-07,40.49,41.08,40.31,40.95,17428865.0
1631073600,2021-09-08,40.85,41.34,39.83,40.07,16669990.0
1631160000,2021-09-09,40.1,40.95,39.84,40.35,14681114.0
1631246400,2021-09-10,40.62,40.83,39.865,39.89,15174707.0
1631505600,2021-09-13,40.26,41.19,39.26,40.07,30440102.0
1631592000,2021-09-14,39.9,40.1,38.55,39.01,37497633.0
1631678400,2021-09-15,39.0,39.0,38.08,38.48,31115924.0
1631764800,2021-09-16,38.3,39.67,38.09,39.52,26333023.0
1631851200,2021-09-17,39.9,40.225,39.29,39.75,36032408.0
1632110400,2021-09-20,38.88,40.22,38.73,39.79,35905658.0
1632196800,2021-09-21,42.34,45.0,42.18,44.36,109199435.0
1632283200,2021-09-22,44.9,46.62,44.61,44.87,57364712.0
1632369600,2021-09-23,45.35,45.84,44.71,45.48,27217584.0
1632456000,2021-09-24,45.46,47.045,45.291,46.63,29921443.0
1632715200,2021-09-27,46.77,47.43,46.19,47.25,23598123.0
1632801600,2021-09-28,46.7,47.0,45.76,45.98,24448157.0
1632888000,2021-09-29,46.0,46.53,44.3,44.52,25618029.0
1632974400,2021-09-30,44.71,45.365,43.86,44.8,17483178.0
1633060800,2021-10-01,45.915,47.25,45.79,47.05,27274027.0
1633320000,2021-10-04,46.4699,46.83,45.2,45.72,22317765.0
1633406400,2021-10-05,45.91,46.08,45.345,45.61,12965958.0
1633492800,2021-10-06,45.33,47.18,45.0,47.01,26559950.0
1633579200,2021-10-07,47.64,48.2384,46.89,47.91,28089064.0
1633665600,2021-10-08,48.08,48.88,47.605,47.77,18644984.0
1633924800,2021-10-11,47.7,47.87,46.28,46.29,16918860.0
1634011200,2021-10-12,46.33,47.05,46.155,46.72,12645620.0
1634097600,2021-10-13,46.26,47.0,45.94,46.41,14091248.0
1634184000,2021-10-14,46.98,47.94,46.84,47.28,19318696.0
1634270400,2021-10-15,47.91,48.84,47.34,48.36,21368429.0
1634529600,2021-10-18,47.68,47.95,46.75,47.07,22295340.0
1634616000,2021-10-19,47.2,47.69,46.74,47.05,17541925.0
1634702400,2021-10-20,47.15,47.54,45.93,46.0,16267389.0
1634788800,2021-10-21,45.97,47.54,45.52,46.47,16689245.0
1634875200,2021-10-22,46.0,46.5,45.23,45.51,21592095.0
1635134400,2021-10-25,45.6,45.72,45.6,45.72,698593.0
1635220800,2021-10-26,46.28,47.69,45.86,46.02,21416268.0
1635307200,2021-10-27,46.47,46.55,44.165,44.73,28750182.0
1635393600,2021-10-28,45.0,45.4117,44.3833,44.62,17182153.0
1635480000,2021-10-29,44.49,44.8,43.57,43.82,19331121.0
1635739200,2021-11-01,44.07,45.025,43.65,44.36,22153871.0
1635825600,2021-11-02,44.34,44.35,42.3309,42.89,29029732.0
1635912000,2021-11-03,45.33,46.26,44.71,45.72,40014900.0
1635998400,2021-11-04,45.54,46.53,44.99,45.27,32749612.0
1636084800,2021-11-05,47.5,48.74,46.61,47.19,47110071.0
1636347600,2021-11-08,47.08,47.645,45.82,45.89,27861024.0
1636434000,2021-11-09,45.91,45.98,43.68,45.51,36530688.0
1636520400,2021-11-10,44.9,45.25,42.6,43.38,34780091.0
1636606800,2021-11-11,43.32,43.72,42.44,43.28,28252300.0
1636693200,2021-11-12,43.57,45.13,43.57,45.12,32941756.0
1636952400,2021-11-15,45.11,45.26,43.56,43.61,20662896.0
1637038800,2021-11-16,45.54,46.66,44.8607,45.76,47640874.0
1637125200,2021-11-17,45.36,45.64,43.9,44.11,25797057.0
1637211600,2021-11-18,44.53,45.325,43.575,45.0,29051576.0
1637298000,2021-11-19,43.93,44.72,43.5,44.23,22657342.0
1637557200,2021-11-22,43.96,44.4,41.805,42.6,33815335.0
1637643600,2021-11-23,42.38,43.1399,41.6,42.68,18956528.0
1637730000,2021-11-24,42.0,42.37,41.24,42.08,19101832.0
1637902800,2021-11-26,39.61,40.62,38.77,40.52,35493382.0
1638162000,2021-11-29,41.06,41.25,38.78,39.7,30343521.0
1638248400,2021-11-30,39.25,39.95,37.035,38.0,59135017.0
1638334800,2021-12-01,39.45,39.5,35.8,36.02,48789701.0
1638421200,2021-12-02,36.55,38.395,36.45,38.12,33498242.0
1638507600,2021-12-03,37.42,37.84,35.26,35.85,47760630.0
1638766800,2021-12-06,35.95,38.69,35.44,38.49,38815246.0
1638853200,2021-12-07,39.4,40.22,37.76,38.08,43155184.0
1638939600,2021-12-08,38.3,39.41,38.01,38.81,30906249.0
1639026000,2021-12-09,38.44,38.7,37.475,37.54,27520987.0
1639112400,2021-12-10,37.41,37.87,36.61,36.67,27512438.0
1639371600,2021-12-13,36.18,36.308,34.88,35.73,41567896.0
1639458000,2021-12-14,35.25,38.45,35.21,37.26,48190657.0
1639544400,2021-12-15,36.91,38.375,36.24,37.83,40502348.0
1639630800,2021-12-16,38.25,38.5765,37.125,37.7,34569906.0
1639717200,2021-12-17,37.2,40.0,36.74,39.68,57483714.0
1639976400,2021-12-20,38.45,40.1491,38.08,39.7,30894788.0
1640062800,2021-12-21,39.82,42.08,39.82,41.97,30823452.0
1640149200,2021-12-22,41.95,43.23,41.45,43.02,28617921.0
1640235600,2021-12-23,43.03,44.35,42.76,43.91,23179401.0
1640581200,2021-12-27,43.44,44.24,42.8201,42.96,29905513.0
1640667600,2021-12-28,42.6,43.74,42.3,42.54,22602357.0
1640754000,2021-12-29,42.72,42.93,41.815,42.46,16964986.0
1640840400,2021-12-30,42.29,43.34,42.2,42.66,14033414.0
1640926800,2021-12-31,42.53,43.12,41.93,41.93,14585016.0
1641186000,2022-01-03,42.48,44.405,41.89,43.95,27148224.0
1641272400,2022-01-04,44.23,44.8,42.58,44.42,32058328.0
1641358800,2022-01-05,44.29,45.9,42.86,43.24,29996295.0
1641445200,2022-01-06,43.11,44.08,40.97,42.03,34119062.0
1641531600,2022-01-07,42.0,42.65,41.2,41.51,27355243.0
1641790800,2022-01-10,41.48,42.81,40.16,42.6,33519588.0
1641877200,2022-01-11,42.36,44.17,42.19,43.62,23470662.0
1641963600,2022-01-12,43.99,44.1,42.535,43.04,21138593.0
1642050000,2022-01-13,43.34,43.92,42.725,42.87,17725227.0
1642136400,2022-01-14,42.4,42.72,40.355,41.51,26541103.0
1642482000,2022-01-18,40.96,40.96,38.37,38.41,37964645.0
1642568400,2022-01-19,38.21,38.89,37.115,37.86,36536300.0
1642654800,2022-01-20,38.29,39.64,37.75,37.82,22817170.0
1642741200,2022-01-21,37.41,37.6,35.845,35.94,43386305.0
1643000400,2022-01-24,34.91,36.28,33.59,36.28,13791430.0
1643086800,2022-01-25,35.47,36.09,34.515,34.82,30970334.0
1643173200,2022-01-26,36.07,36.68,34.8,34.8,22558204.0
1643259600,2022-01-27,35.37,35.79,33.94,34.09,27304295.0
1643346000,2022-01-28,34.17,35.22,32.81,35.21,28833788.0
1643605200,2022-01-31,35.34,37.54,35.3,37.4,24018890.0
1643691600,2022-02-01,37.63,38.705,37.2,38.61,20659310.0
1643778000,2022-02-02,38.53,38.62,37.03,37.17,20607035.0
1643864400,2022-02-03,36.08,36.74,34.3,34.54,34004091.0
1643950800,2022-02-04,35.0,37.355,34.36,37.05,35454337.0
1644210000,2022-02-07,36.985,39.05,36.985,37.54,33257653.0
1644296400,2022-02-08,37.25,38.57,36.95,38.34,27217852.0
1644382800,2022-02-09,38.81,40.4,38.16,40.19,54841712.0
1644469200,2022-02-10,41.0,42.56,37.35,37.75,115701664.0
1644555600,2022-02-11,37.96,38.65,34.48,35.29,74370039.0
1644814800,2022-02-14,35.2,35.99,34.32,34.59,49698032.0
1644901200,2022-02-15,35.44,37.21,35.11,37.09,39485434.0
1644987600,2022-02-16,36.63,37.39,36.27,36.58,34047303.0
1645074000,2022-02-17,36.13,37.43,35.41,35.71,29197140.0
1645160400,2022-02-18,35.52,36.325,34.67,34.68,29596631.0
1645506000,2022-02-22,34.21,35.1,33.28,33.68,29736123.0
1645592400,2022-02-23,33.89,34.2099,32.3,32.39,28065912.0
1645678800,2022-02-24,29.97,34.95,29.71,34.87,45817978.0
1645765200,2022-02-25,34.84,35.2717,34.01,34.98,24633784.0
1646024400,2022-02-28,35.26,36.31,34.9845,36.03,56923611.0
1646110800,2022-03-01,35.45,35.6,33.65,33.89,32943048.0
1646197200,2022-03-02,34.0,34.22,32.97,34.04,26790351.0
1646283600,2022-03-03,34.22,34.2914,31.415,31.72,41556601.0
1646370000,2022-03-04,31.5,31.73,29.27,29.83,53199175.0
1646629200,2022-03-07,31.48,31.9384,28.55,28.57,61867089.0
1646715600,2022-03-08,28.51,30.74,28.51,30.74,1555437.0
1646802000,2022-03-09,31.75,32.73,31.2,31.5,35202667.0
1646888400,2022-03-10,30.86,31.145,29.84,30.41,31846151.0
1646974800,2022-03-11,31.3,31.39,30.42,30.76,30336637.0
1647230400,2022-03-14,30.51,30.55,28.8,29.27,43847468.0
1647316800,2022-03-15,29.52,30.41,29.06,29.8,35817395.0
1647403200,2022-03-16,30.53,32.635,30.27,32.61,36199703.0
1647489600,2022-03-17,32.34,32.92,31.57,32.85,30316454.0
1647576000,2022-03-18,32.52,33.42,32.33,33.36,39344102.0
1647835200,2022-03-21,32.82,32.82,31.25,31.98,36492343.0
1647921600,2022-03-22,31.93,33.6,31.84,33.35,23276246.0
1648008000,2022-03-23,32.71,33.68,32.57,33.06,21199099.0
1648094400,2022-03-24,34.74,34.95,33.44,34.7,53675691.0
1648180800,2022-03-25,34.55,34.92,33.55,34.06,29031163.0
1648440000,2022-03-28,34.14,34.91,33.73,34.77,25123645.0
1648526400,2022-03-29,35.57,37.45,35.57,37.19,40624143.0
1648612800,2022-03-30,36.66,37.0885,36.205,36.58,24543728.0
1648699200,2022-03-31,36.5,36.73,35.37,35.68,21583960.0
1648785600,2022-04-01,35.68,36.48,35.4,35.98,17638026.0
1649044800,2022-04-04,36.4,36.93,36.215,36.51,22038846.0
1649131200,2022-04-05,36.35,36.61,34.72,34.96,22755004.0
1649217600,2022-04-06,33.855,34.0,32.55,33.41,29761067.0
1649304000,2022-04-07,33.34,33.34,31.02,32.27,34706930.0
1649390400,2022-04-08,31.92,32.551,31.58,32.05,18163586.0
1649649600,2022-04-11,31.36,32.69,31.11,32.04,21164653.0
1649736000,2022-04-12,32.4,33.095,31.71,31.99,34615917.0
1649822400,2022-04-13,32.0,33.11,31.93,32.63,23060778.0
1649908800,2022-04-14,32.86,33.465,32.64,32.68,19901272.0
1650254400,2022-04-18,32.55,32.605,31.42,31.79,25875822.0
1650340800,2022-04-19,32.16,33.99,31.97,33.8,24596292.0
1650427200,2022-04-20,33.99,34.32,33.18,33.21,22400790.0
1650513600,2022-04-21,34.25,34.41,31.37,31.68,33842896.0
1650600000,2022-04-22,31.62,32.225,30.8,30.83,23585818.0
1650859200,2022-04-25,30.59,32.5,30.46,32.44,30633264.0
1650945600,2022-04-26,32.04,32.2,31.0,31.33,27873789.0
1651032000,2022-04-27,31.1,31.98,30.16,30.68,32690891.0
1651118400,2022-04-28,31.0,32.87,30.98,32.82,31429362.0
1651204800,2022-04-29,32.52,33.15,31.41,31.48,28569512.0
1651464000,2022-05-02,31.24,31.35,29.51,30.39,46817808.0
1651550400,2022-05-03,30.15,30.59,28.85,29.47,60799532.0
1651636800,2022-05-04,27.41,28.4,25.9,28.1,117446281.0
1651723200,2022-05-05,27.87,28.83,26.2,26.83,54051927.0
1651809600,2022-05-06,26.84,26.84,24.75,26.07,58202966.0
1652068800,2022-05-09,25.41,26.065,22.8,23.05,59437182.0
1652155200,2022-05-10,23.85,24.55,22.8,23.67,50265393.0
1652241600,2022-05-11,23.28,24.15,22.5,22.57,51984845.0
1652328000,2022-05-12,22.15,24.06,21.69,23.29,66806320.0
1652414400,2022-05-13,23.88,24.8711,23.68,24.39,55178838.0
1652673600,2022-05-16,24.31,24.46,23.4,23.59,28560486.0
1652760000,2022-05-17,24.32,24.9,23.59,24.2,37326811.0
1652846400,2022-05-18,23.98,24.1882,22.34,22.46,35990243.0
1652932800,2022-05-19,22.29,23.81,22.2,23.24,37852787.0
1653019200,2022-05-20,23.81,24.1,22.41,23.35,33966179.0
1653278400,2022-05-23,23.32,23.83,22.71,23.78,38004306.0
1653364800,2022-05-24,23.69,23.74,21.41,21.55,42683074.0
1653451200,2022-05-25,21.71,22.355,21.275,22.04,32761246.0
1653537600,2022-05-26,22.15,23.28,21.925,23.1,31259018.0
1653624000,2022-05-27,23.49,24.13,23.33,23.67,31095042.0
1653969600,2022-05-31,23.5,23.9,23.034,23.2,37163122.0
1654056000,2022-06-01,23.53,23.87,22.565,22.94,27202446.0
1654142400,2022-06-02,23.07,24.83,22.94,24.74,32718659.0
1654228800,2022-06-03,24.17,24.495,23.725,24.15,24455061.0
1654488000,2022-06-06,24.86,25.435,24.28,24.73,30776417.0
1654574400,2022-06-07,24.2,25.7,24.07,25.3,28807069.0
1654660800,2022-06-08,25.7,26.55,25.3,25.83,31566139.0
1654747200,2022-06-09,25.94,26.69,25.355,25.44,45908785.0
1654833600,2022-06-10,24.8,24.9709,23.65,23.72,31301978.0
1655092800,2022-06-13,22.22,22.585,21.3429,21.57,36110696.0
1655179200,2022-06-14,21.72,21.9523,20.8936,21.09,44502201.0
1655265600,2022-06-15,21.34,22.39,21.24,22.03,41814835.0
1655352000,2022-06-16,21.04,21.4,20.155,20.47,59245309.0
1655438400,2022-06-17,20.37,21.96,20.37,21.81,51953968.0
1655784000,2022-06-21,22.0,22.46,21.69,21.76,39461668.0
1655870400,2022-06-22,21.41,22.21,21.3,21.5,37698402.0
1655956800,2022-06-23,21.63,22.44,21.39,22.37,27181423.0
1656043200,2022-06-24,22.48,23.19,22.3,23.03,48463393.0
1656302400,2022-06-27,23.45,23.64,22.345,22.86,28406638.0
1656388800,2022-06-28,22.97,23.46,22.04,22.08,25627878.0
1656475200,2022-06-29,22.11,22.15,21.08,21.47,30882123.0
1656561600,2022-06-30,21.11,21.1255,19.895,20.46,33127312.0
1656648000,2022-07-01,20.7,21.37,20.43,21.34,22199382.0
1656993600,2022-07-05,21.17,22.55,20.83,22.52,25730560.0
1657080000,2022-07-06,21.5,22.08,21.32,21.5,33751854.0
1657166400,2022-07-07,21.64,22.7589,21.61,22.74,24069039.0
1657252800,2022-07-08,22.43,22.96,21.8321,22.34,21128793.0
1657512000,2022-07-11,21.95,22.25,21.14,21.19,18609375.0
1657598400,2022-07-12,21.28,21.78,20.975,21.57,18226705.0
1657684800,2022-07-13,20.93,21.61,20.72,21.5,19580574.0
1657771200,2022-07-14,21.25,21.465,20.5905,20.65,33132784.0
1657857600,2022-07-15,21.0,21.78,20.765,21.67,25759948.0
1658116800,2022-07-18,22.17,23.2,22.11,22.58,32282308.0
1658203200,2022-07-19,22.75,23.08,22.19,22.67,24951102.0
1658289600,2022-07-20,22.89,24.22,22.805,24.12,29235531.0
1658376000,2022-07-21,24.02,24.25,23.6,24.23,19623447.0
1658462400,2022-07-22,24.33,24.81,23.085,23.3,20901997.0
1658721600,2022-07-25,23.27,23.54,22.63,23.35,13658326.0
1658808000,2022-07-26,23.15,23.15,22.45,22.55,27174168.0
1658894400,2022-07-27,23.0,23.3199,22.49,23.09,29762727.0
1658980800,2022-07-28,22.89,23.42,22.14,23.31,23876110.0
1659067200,2022-07-29,23.18,23.485,22.39,23.45,31695410.0
1659326400,2022-08-01,23.43,24.62,22.885,24.6,49026159.0
1659412800,2022-08-02,28.49,29.43,27.1,29.25,110695044.0
1659499200,2022-08-03,29.72,31.43,29.36,30.19,63753289.0
1659585600,2022-08-04,29.78,32.23,29.6,31.85,57064994.0
1659672000,2022-08-05,31.2,32.63,31.04,32.01,41412196.0
1659931200,2022-08-08,32.33,32.955,31.66,31.85,28995195.0
1660017600,2022-08-09,31.37,31.55,30.72,31.06,28361880.0
1660104000,2022-08-10,32.44,33.19,32.23,32.8,32282977.0
1660190400,2022-08-11,33.16,33.36,32.0415,32.24,25492173.0
1660276800,2022-08-12,32.59,32.76,31.7,32.47,22475813.0
1660536000,2022-08-15,32.1,32.91,31.93,32.49,15339446.0
1660622400,2022-08-16,32.08,32.725,31.33,32.38,29909890.0
1660708800,2022-08-17,31.65,31.71,30.44,30.72,25160035.0
1660795200,2022-08-18,30.56,30.62,29.86,30.15,22047841.0
1660881600,2022-08-19,29.5,29.57,28.63,29.01,25243161.0
1661140800,2022-08-22,28.34,28.805,27.87,28.0,21181583.0
1661227200,2022-08-23,28.06,28.675,27.75,27.81,25802697.0
1661313600,2022-08-24,27.93,29.22,27.85,28.71,21839454.0
1661400000,2022-08-25,28.89,29.64,28.81,29.62,17065974.0
1661486400,2022-08-26,29.51,29.71,28.3601,28.58,17532634.0
1661745600,2022-08-29,28.1,29.19,28.06,28.74,18944991.0
1661832000,2022-08-30,29.18,29.29,28.12,28.71,25087811.0
1661918400,2022-08-31,29.11,29.8799,28.75,28.76,22479370.0
1662004800,2022-09-01,28.17,28.95,27.69,28.92,18673091.0
1662091200,2022-09-02,29.5,29.635,28.6499,29.05,15380005.0
1662436800,2022-09-06,29.34,29.37,28.28,28.89,21980805.0
1662523200,2022-09-07,28.91,30.15,28.82,30.03,22850494.0
1662609600,2022-09-08,29.42,30.9,29.29,30.68,30385356.0
1662696000,2022-09-09,31.0,32.05,30.89,31.78,29452396.0
1662955200,2022-09-12,31.95,32.62,31.85,32.5,30342639.0
1663041600,2022-09-13,30.69,31.78,30.22,31.32,31811572.0
1663128000,2022-09-14,31.25,33.14,31.1,33.05,38356861.0
1663214400,2022-09-15,32.95,34.325,32.7401,33.13,44512730.0
1663300800,2022-09-16,30.96,32.145,30.88,31.93,63622270.0
1663560000,2022-09-19,31.44,31.98,31.06,31.49,23836809.0
1663646400,2022-09-20,31.49,32.56,31.19,31.49,24828494.0
1663732800,2022-09-21,31.45,31.675,30.35,30.47,23841589.0
1663819200,2022-09-22,30.19,30.19,28.53,28.58,30742094.0
1663905600,2022-09-23,28.01,28.34,27.36,27.82,27909409.0
1664164800,2022-09-26,27.71,28.16,26.82,26.89,27803010.0
1664251200,2022-09-27,27.67,28.49,27.16,27.57,25842273.0
1664337600,2022-09-28,27.43,28.16,27.19,28.04,22410875.0
1664424000,2022-09-29,27.66,27.72,26.0,26.42,28098118.0
1664510400,2022-09-30,26.16,27.31,26.16,26.5,25961245.0
1664769600,2022-10-03,26.76,26.9,25.96,26.72,21058654.0
1664856000,2022-10-04,27.625,29.25,27.5995,29.19,28206703.0
1664942400,2022-10-05,28.48,29.65,28.31,29.18,23611449.0
1665028800,2022-10-06,29.2,30.24,28.96,29.73,26385957.0
1665115200,2022-10-07,29.2,30.24,28.96,29.73,26385957.0
1665374400,2022-10-10,28.24,28.45,27.23,27.53,14307619.0
1665460800,2022-10-11,25.545,26.05,22.94,24.66,94159020.0
1665547200,2022-10-12,25.05,26.115,24.56,25.98,32164652.0
1665633600,2022-10-13,24.47,26.025,24.19,25.0,34287088.0
1665720000,2022-10-14,25.65,26.07,24.66,24.71,23604854.0
1665979200,2022-10-17,25.26,26.265,25.08,25.94,28118507.0
1666065600,2022-10-18,27.07,27.71,26.495,27.61,27525465.0
1666152000,2022-10-19,27.06,27.73,26.85,27.53,16616471.0
1666238400,2022-10-20,27.32,28.68,27.24,27.87,23470920.0
1666324800,2022-10-21,27.5,28.435,27.16,28.02,21978923.0
1666584000,2022-10-24,27.71,27.98,26.51,27.65,20073726.0
1666670400,2022-10-25,28.0,28.545,27.33,28.36,18290822.0
1666756800,2022-10-26,28.17,28.9801,27.865,28.2,18088315.0
1666843200,2022-10-27,28.4,28.76,27.66,27.82,17925260.0
1666929600,2022-10-28,27.81,27.88,26.49,27.5,28094487.0
1667188800,2022-10-31,27.61,27.73,26.3,26.57,39229777.0
1667275200,2022-11-01,30.07,30.9999,29.12,29.75,90070041.0
1667361600,2022-11-02,29.57,30.16,28.63,28.81,38480384.0
1667448000,2022-11-03,28.03,29.52,27.71,28.73,28878583.0
1667534400,2022-11-04,29.44,29.725,28.04,28.39,24315092.0
1667797200,2022-11-07,28.705,28.825,27.615,27.69,19204075.0
1667883600,2022-11-08,27.57,28.33,26.82,27.44,27033898.0
1667970000,2022-11-09,27.31,28.005,26.44,26.55,21186266.0
1668056400,2022-11-10,28.38,29.32,28.1,28.85,35196917.0
1668142800,2022-11-11,28.95,30.435,28.7,29.15,35831957.0
1668402000,2022-11-14,28.85,29.7,28.79,29.07,24426194.0
1668488400,2022-11-15,30.25,31.815,30.0,31.57,43066493.0
1668574800,2022-11-16,30.95,31.16,29.83,30.04,26540199.0
1668661200,2022-11-17,29.1,29.5,28.4,28.88,22684059.0
1668747600,2022-11-18,29.21,29.405,28.7,28.96,15673131.0
1669006800,2022-11-21,28.52,28.71,28.01,28.25,16159379.0
1669093200,2022-11-22,28.27,28.33,27.3117,28.08,20368643.0
1669179600,2022-11-23,28.36,28.94,28.14,28.79,12964924.0
1669352400,2022-11-25,28.71,28.88,28.24,28.5,5200356.0
1669611600,2022-11-28,28.11,28.655,27.73,27.76,11126985.0
1669698000,2022-11-29,28.05,28.23,27.58,27.76,15007821.0
1669784400,2022-11-30,27.8,29.14,27.64,29.14,18177028.0
1669870800,2022-12-01,29.22,29.6,28.3,28.34,18066596.0
1669957200,2022-12-02,27.38,28.78,27.19,28.75,15972822.0
1670216400,2022-12-05,28.41,28.86,27.65,27.7,17486336.0
1670302800,2022-12-06,27.7,27.86,26.7,26.92,19772905.0
1670389200,2022-12-07,26.61,26.87,26.02,26.4,21193949.0
1670475600,2022-12-08,26.52,27.03,26.2761,26.45,14909647.0
1670562000,2022-12-09,26.4,26.96,26.24,26.55,14242375.0
1670821200,2022-12-12,26.42,27.23,26.11,27.03,16483626.0
1670907600,2022-12-13,28.03,28.455,26.91,26.98,27635364.0
1670994000,2022-12-14,27.07,27.82,26.77,27.47,19427279.0
1671080400,2022-12-15,26.98,27.11,25.88,26.24,19383729.0
1671166800,2022-12-16,26.06,26.45,25.66,25.97,22667397.0
1671426000,2022-12-19,26.02,26.02,24.69,24.95,35616094.0
1671512400,2022-12-20,24.72,25.28,24.61,24.96,28536476.0
1671598800,2022-12-21,25.15,25.67,24.8709,25.36,20444478.0
1671685200,2022-12-22,24.93,25.1,24.0415,24.64,23752734.0
1671771600,2022-12-23,24.46,24.725,24.162,24.64,11608635.0
1672117200,2022-12-27,24.29,24.7,23.9,24.4,15258601.0
1672203600,2022-12-28,24.21,24.72,24.02,24.59,15669206.0
1672290000,2022-12-29,24.75,25.375,24.29,24.91,17828296.0
1672376400,2022-12-30,24.42,24.85,24.24,24.73,20446648.0
1672722000,2023-01-03,25.37,25.75,25.02,25.36,22155275.0
1672808400,2023-01-04,25.73,25.97,25.32,25.91,14815960.0
1672894800,2023-01-05,25.73,26.01,25.55,25.55,9942038.0
1672981200,2023-01-06,25.86,26.54,25.4,26.4,19440159.0
1673240400,2023-01-09,27.3,28.05,27.15,27.4,24962057.0
1673326800,2023-01-10,27.4,28.25,27.15,28.04,15413738.0
1673413200,2023-01-11,28.24,28.52,27.92,28.35,15421719.0
1673499600,2023-01-12,28.85,29.185,28.2,29.03,17513401.0
1673586000,2023-01-13,28.68,29.5,28.66,29.44,16933568.0
1673931600,2023-01-17,29.44,29.78,28.955,29.2,20816486.0
1674018000,2023-01-18,29.95,30.09,28.885,28.96,25257235.0
1674104400,2023-01-19,28.47,29.2854,28.34,29.03,15651532.0
1674190800,2023-01-20,29.3,30.39,29.12,30.36,23000473.0
1674450000,2023-01-23,30.63,31.11,30.265,30.53,22041062.0
1674536400,2023-01-24,25.71,31.2,25.71,29.93,14464364.0
1674622800,2023-01-25,29.22,30.4,28.8,30.29,14488637.0
1674709200,2023-01-26,30.53,30.6472,29.31,30.02,25383593.0
1674795600,2023-01-27,29.7,30.5968,29.5,30.36,18220596.0
1675054800,2023-01-30,30.2,30.54,29.59,29.63,17969731.0
1675141200,2023-01-31,29.75,30.96,29.74,30.93,15611532.0
1675227600,2023-02-01,30.88,31.85,30.64,31.49,21206352.0
1675314000,2023-02-02,32.42,33.47,32.42,33.05,32045470.0
1675400400,2023-02-03,32.17,33.95,32.15,33.09,25731482.0
1675659600,2023-02-06,33.53,34.21,32.9,33.9,33594934.0
1675746000,2023-02-07,33.66,35.06,33.41,34.9,59374036.0
1675832400,2023-02-08,37.43,37.58,34.5,36.83,109597829.0
1675918800,2023-02-09,36.89,37.36,35.65,35.89,44068509.0
1676005200,2023-02-10,34.4,35.3986,34.05,34.3,41905742.0
1676264400,2023-02-13,34.5,34.52,33.35,33.44,35043744.0
1676350800,2023-02-14,33.11,35.36,32.7239,35.23,38856463.0
1676437200,2023-02-15,35.01,36.24,34.715,36.23,31492167.0
1676523600,2023-02-16,35.6,36.73,35.452,36.22,28202687.0
1676610000,2023-02-17,35.96,36.23,34.57,34.77,27927165.0
1676955600,2023-02-21,33.78,34.39,33.49,34.2,24696827.0
1677042000,2023-02-22,34.35,35.17,34.22,34.54,23293943.0
1677128400,2023-02-23,34.79,34.7999,33.7,34.47,23661721.0
1677214800,2023-02-24,33.7,33.92,33.02,33.4,19094861.0
1677474000,2023-02-27,33.675,33.85,33.06,33.55,19079075.0
1677560400,2023-02-28,33.75,34.0,33.165,33.26,17144021.0
1677646800,2023-03-01,33.43,33.58,32.89,32.99,14404671.0
1677733200,2023-03-02,32.54,33.8,32.23,33.69,17976269.0
1677819600,2023-03-03,34.0,34.59,33.8,34.57,14985231.0
1678078800,2023-03-06,34.585,35.11,33.85,33.88,18903006.0
1678165200,2023-03-07,33.85,35.0,33.6,34.14,25538363.0
1678251600,2023-03-08,34.01,34.63,33.52,34.01,16174274.0
1678338000,2023-03-09,34.41,34.52,32.28,32.32,27629682.0
1678424400,2023-03-10,32.0,32.035,30.77,31.11,32541369.0
1678680000,2023-03-13,30.585,31.085,29.97,30.82,23877275.0
1678766400,2023-03-14,32.94,33.42,32.16,32.36,34241847.0
1678852800,2023-03-15,31.83,32.235,31.385,31.97,28434860.0
1678939200,2023-03-16,31.59,32.9,31.55,32.73,20088655.0
1679025600,2023-03-17,32.38,32.47,31.51,31.78,27093305.0
1679284800,2023-03-20,31.6,32.36,31.46,31.93,14157845.0
1679371200,2023-03-21,32.33,33.14,32.23,32.86,19780177.0
1679457600,2023-03-22,32.58,32.72,31.5,31.52,24636356.0
1679544000,2023-03-23,31.88,32.2001,30.7503,31.18,16806903.0
1679630400,2023-03-24,30.94,31.15,30.29,30.75,14775087.0
1679889600,2023-03-27,31.03,31.04,30.14,30.62,17917994.0
1679976000,2023-03-28,30.53,30.8599,29.98,30.07,23087307.0
1680062400,2023-03-29,30.62,30.9,30.2,30.87,18917520.0
1680148800,2023-03-30,31.5,31.85,30.88,31.19,16261304.0
1680235200,2023-03-31,31.42,31.845,31.21,31.7,14818358.0
1680494400,2023-04-03,31.5,31.755,31.1674,31.46,23529100.0
1680580800,2023-04-04,31.94,32.1295,31.285,31.39,15146854.0
1680667200,2023-04-05,30.95,31.235,30.47,31.12,17243304.0
1680753600,2023-04-06,30.93,31.49,30.5,31.18,14486919.0
1681099200,2023-04-10,30.96,31.785,30.61,31.74,16463111.0
1681185600,2023-04-11,31.75,31.8,30.88,31.12,16906490.0
1681272000,2023-04-12,31.19,31.4499,30.4,30.59,15964933.0
1681358400,2023-04-13,30.835,31.59,30.69,31.44,15079614.0
1681444800,2023-04-14,31.31,31.62,30.9302,31.48,11846980.0
1681704000,2023-04-17,32.19,32.19,31.63,32.08,25203195.0
1681790400,2023-04-18,32.37,32.93,31.61,31.73,18698555.0
1681876800,2023-04-19,31.35,32.37,31.16,32.04,13821973.0
1681963200,2023-04-20,31.52,32.04,31.4,31.5,12747081.0
1682049600,2023-04-21,31.36,31.46,29.71,30.83,40532510.0
1682308800,2023-04-24,30.68,31.06,30.23,30.68,14596163.0
1682395200,2023-04-25,30.34,30.47,29.5539,29.59,20399137.0
1682481600,2023-04-26,29.7,30.12,29.465,29.68,14277142.0
1682568000,2023-04-27,30.07,30.1699,29.22,29.7,27292760.0
1682654400,2023-04-28,29.62,31.27,29.415,31.05,28479734.0
1682913600,2023-05-01,32.0,33.0,31.76,32.74,49867118.0
1683000000,2023-05-02,35.02,36.625,34.23,36.52,102993471.0
1683086400,2023-05-03,36.75,38.35,36.35,37.84,68580803.0
1683172800,2023-05-04,37.48,37.8,36.685,37.49,44819400.0
1683259200,2023-05-05,37.48,37.95,36.87,37.75,24676197.0
1683518400,2023-05-08,37.82,38.93,37.48,38.83,30992060.0
1683604800,2023-05-09,38.49,38.58,37.905,38.19,19393602.0
1683691200,2023-05-10,38.6,38.95,38.1699,38.79,19531548.0
1683777600,2023-05-11,38.64,39.18,38.34,38.42,16515576.0
1683864000,2023-05-12,38.64,39.23,38.2,38.45,21614697.0
1684123200,2023-05-15,38.34,38.48,37.99,38.14,17826612.0
1684209600,2023-05-16,37.93,38.15,37.44,37.44,21836864.0
1684296000,2023-05-17,37.73,37.955,37.36,37.84,19534395.0
1684382400,2023-05-18,37.98,39.49,37.76,39.25,27828117.0
1684468800,2023-05-19,39.25,39.49,38.915,39.18,19769150.0
1684728000,2023-05-22,39.13,40.5,39.076,39.17,27581555.0
1684814400,2023-05-23,38.99,39.65,38.51,38.66,18679369.0
1684900800,2023-05-24,38.05,38.66,37.77,37.96,22073312.0
1684987200,2023-05-25,38.48,38.585,37.525,37.95,18634222.0
1685073600,2023-05-26,38.24,38.76,38.22,38.45,14427915.0
1685419200,2023-05-30,38.73,39.06,37.56,37.56,18143192.0
1685505600,2023-05-31,37.25,38.05,37.07,37.93,34506306.0
1685592000,2023-06-01,37.5,38.5,37.265,38.48,17115300.0
1685678400,2023-06-02,39.0,39.89,39.0,39.73,21218954.0
1685937600,2023-06-05,39.5,40.79,39.46,40.42,25724051.0
1686024000,2023-06-06,40.2488,40.73,39.93,40.25,14570119.0
1686110400,2023-06-07,40.24,40.25,38.61,38.99,23653909.0
1686196800,2023-06-08,39.18,40.63,39.04,40.26,20301812.0
1686283200,2023-06-09,40.05,41.0,40.02,40.99,21980666.0
1686542400,2023-06-12,41.26,41.745,41.06,41.74,16016445.0
1686628800,2023-06-13,41.75,41.83,40.89,41.41,16659587.0
1686715200,2023-06-14,41.3,41.59,40.57,41.27,15077576.0
1686801600,2023-06-15,41.02,43.75,40.94,43.36,41477787.0
1686888000,2023-06-16,43.07,43.665,42.53,43.52,27986348.0
1687233600,2023-06-20,42.77,43.47,42.02,42.17,19936204.0
1687320000,2023-06-21,42.5,43.2178,41.77,42.66,21916497.0
1687406400,2023-06-22,42.3,43.87,42.21,42.81,19542078.0
1687492800,2023-06-23,42.59,43.755,42.33,43.34,23258848.0
1687752000,2023-06-26,43.75,45.04,43.68,44.42,33692974.0
1687838400,2023-06-27,44.69,44.83,43.75,43.83,29652067.0
1687924800,2023-06-28,43.5,45.24,43.32,44.24,28187376.0
1688011200,2023-06-29,44.09,44.28,42.11,42.58,28595286.0
1688097600,2023-06-30,43.11,43.4299,42.92,43.17,17333977.0
1688356800,2023-07-03,43.17,43.4,42.58,43.09,7548148.0
1688529600,2023-07-05,42.89,43.88,42.89,43.66,15730396.0
1688616000,2023-07-06,42.99,43.0,41.87,42.11,18048160.0
1688702400,2023-07-07,42.07,43.12,41.9412,42.91,14937561.0
1688961600,2023-07-10,42.58,43.2,42.44,42.78,15821817.0
1689048000,2023-07-11,42.1,44.67,41.746,44.36,32164970.0
1689134400,2023-07-12,45.0,45.22,43.97,44.52,21830122.0
1689220800,2023-07-13,45.21,45.935,44.6218,45.64,21193224.0
1689307200,2023-07-14,45.905,46.4,44.56,44.75,22054796.0
1689566400,2023-07-17,44.68,45.65,44.5,45.51,21937914.0
1689652800,2023-07-18,45.34,47.75,45.34,47.41,42620243.0
1689739200,2023-07-19,47.1,47.9,46.55,47.12,21990945.0
1689825600,2023-07-20,46.07,47.5,45.86,46.57,23085273.0
1689912000,2023-07-21,46.55,47.34,46.2804,47.23,20181244.0
1690171200,2023-07-24,47.06,47.55,46.84,47.32,16669825.0
1690257600,2023-07-25,47.2,47.73,46.93,47.17,14188201.0
1690344000,2023-07-26,47.05,47.555,46.62,47.31,16666162.0
1690430400,2023-07-27,48.0,48.09,46.355,46.61,17991953.0
1690516800,2023-07-28,47.14,48.43,46.71,48.14,17154632.0
1690776000,2023-07-31,48.85,49.49,48.15,49.46,38736790.0
1690862400,2023-08-01,48.67,49.03,46.01,46.65,82282793.0
1690948800,2023-08-02,46.055,47.705,45.67,46.96,36408902.0
1691035200,2023-08-03,46.22,47.85,45.79,45.91,25313223.0
1691121600,2023-08-04,46.0,46.38,45.02,45.2,25657596.0
1691380800,2023-08-07,45.01,45.53,44.38,44.95,22122550.0
1691467200,2023-08-08,44.5,45.24,44.085,45.16,14742209.0
1691553600,2023-08-09,45.25,45.46,43.84,44.11,20112959.0
1691640000,2023-08-10,44.13,45.18,44.09,44.6,16908214.0
1691726400,2023-08-11,44.0,44.3,43.31,43.71,16181114.0
1691985600,2023-08-14,43.5,44.885,42.95,44.85,15828848.0
1692072000,2023-08-15,44.7,44.88,44.01,44.08,13404697.0
1692158400,2023-08-16,43.98,44.33,43.4,43.65,14980822.0
1692244800,2023-08-17,44.18,44.86,43.91,43.97,21326616.0
1692331200,2023-08-18,43.27,44.84,43.19,44.69,17137984.0
1692590400,2023-08-21,44.98,45.3,44.01,44.63,15362067.0
1692676800,2023-08-22,44.94,45.18,44.02,44.35,13599786.0
1692763200,2023-08-23,44.0,45.615,44.0,45.14,14625812.0
1692849600,2023-08-24,45.24,45.7199,44.64,44.68,18129596.0
1692936000,2023-08-25,44.71,44.84,43.08,43.96,19132487.0
1693195200,2023-08-28,44.11,44.5199,43.71,44.15,10424111.0
1693281600,2023-08-29,44.21,45.585,44.1201,45.35,11335395.0
1693368000,2023-08-30,45.35,46.75,45.3,46.51,19869423.0
1693454400,2023-08-31,46.69,47.57,46.52,47.23,19513616.0
1693540800,2023-09-01,47.51,47.6999,46.83,47.04,14614474.0
1693886400,2023-09-05,46.87,47.14,46.3,46.55,16461665.0
1693972800,2023-09-06,46.34,46.85,45.61,45.9,14262664.0
1694059200,2023-09-07,45.5,46.68,45.25,46.27,14972154.0
1694145600,2023-09-08,46.34,47.25,46.27,47.24,15965209.0
1694404800,2023-09-11,47.74,48.97,47.65,48.94,19007315.0
1694491200,2023-09-12,48.34,49.1881,47.9,47.92,18808980.0
1694577600,2023-09-13,47.51,48.3599,47.28,48.16,12691850.0
1694664000,2023-09-14,48.63,48.695,47.805,48.32,13068167.0
1694750400,2023-09-15,48.19,48.49,47.27,47.52,16130135.0
1695009600,2023-09-18,47.3,47.348,46.48,46.51,15025532.0
1695096000,2023-09-19,46.4,47.755,46.21,47.59,19188603.0
1695182400,2023-09-20,46.865,47.54,46.4,46.55,22581976.0
1695268800,2023-09-21,45.79,45.79,43.93,44.6,27875723.0
1695355200,2023-09-22,45.16,45.345,44.03,44.41,16158676.0
1695614400,2023-09-25,44.14,45.11,44.11,44.91,9175374.0
1695700800,2023-09-26,44.5,45.389,44.045,44.27,11283620.0
1695787200,2023-09-27,44.51,45.4725,44.44,45.14,16835054.0
1695873600,2023-09-28,44.92,46.58,44.92,46.14,22199171.0
1695960000,2023-09-29,46.75,46.92,45.85,45.99,14249722.0
1696219200,2023-10-02,45.57,46.29,45.1016,45.68,14976707.0
1696305600,2023-10-03,45.36,45.605,44.325,44.51,11033394.0
1696392000,2023-10-04,44.79,45.485,44.18,44.94,12476110.0
1696478400,2023-10-05,44.84,44.93,43.65,44.61,14518799.0
1696564800,2023-10-06,44.06,45.945,44.06,45.78,14380569.0
1696824000,2023-10-09,45.15,45.6,44.58,45.45,11422322.0
1696910400,2023-10-10,45.75,47.275,45.55,46.63,14538616.0
1696996800,2023-10-11,46.9,47.21,46.265,46.64,12985481.0
1697083200,2023-10-12,46.54,47.04,45.6,45.95,15983615.0
1697169600,2023-10-13,45.82,46.29,42.7,43.48,28215658.0
1697428800,2023-10-16,43.765,45.0,43.465,44.71,20447113.0
1697515200,2023-10-17,44.41,45.26,44.05,44.38,17337780.0
1697601600,2023-10-18,43.9,44.2,42.91,43.0,15387992.0
1697688000,2023-10-19,43.02,43.27,42.185,42.72,16089979.0
1697774400,2023-10-20,42.72,43.3501,42.26,42.96,13966107.0
1698033600,2023-10-23,42.53,43.97,42.25,43.04,11277094.0
1698120000,2023-10-24,43.5,44.325,43.385,44.19,17566479.0
1698206400,2023-10-25,43.3,43.49,42.065,42.35,16495883.0
1698292800,2023-10-26,42.14,42.3,40.09,40.62,23458329.0
1698379200,2023-10-27,41.21,42.145,40.8,41.23,17098582.0
1698638400,2023-10-30,42.01,43.0,42.01,42.73,21292725.0
1698724800,2023-10-31,42.82,43.53,42.2,43.28,18414022.0
1698811200,2023-11-01,43.25,44.0,42.91,43.83,18989316.0
1698897600,2023-11-02,45.35,46.86,45.25,46.48,25816851.0
1698984000,2023-11-03,46.92,48.15,46.63,47.75,21960654.0
1699246800,2023-11-06,47.94,48.3,47.43,48.14,27843097.0
1699333200,2023-11-07,47.0,50.04,46.68,49.92,81365360.0
1699419600,2023-11-08,50.04,50.3,48.9,49.5,37726706.0
1699506000,2023-11-09,49.3,50.68,49.02,50.05,29962341.0
1699592400,2023-11-10,50.01,52.1,49.9,51.58,27238619.0
1699851600,2023-11-13,51.17,52.42,50.72,52.24,21027062.0
1699938000,2023-11-14,52.9,54.31,52.39,53.88,30621857.0
1700024400,2023-11-15,53.92,54.26,53.16,53.76,22419701.0
1700110800,2023-11-16,53.5,54.51,53.15,54.42,20810851.0
1700197200,2023-11-17,54.13,54.51,54.01,54.44,16122437.0
1700456400,2023-11-20,53.83,55.355,53.76,54.75,28529195.0
1700542800,2023-11-21,54.23,55.08,53.89,54.85,34115509.0
1700629200,2023-11-22,55.1,55.82,54.96,55.37,18467673.0
1700802000,2023-11-24,55.15,55.9363,55.07,55.32,10696822.0
1701061200,2023-11-27,55.47,56.455,55.29,56.06,19101871.0
1701147600,2023-11-28,55.98,56.45,55.69,56.21,20457497.0
1701234000,2023-11-29,56.49,57.13,56.145,56.4,23496213.0
1701320400,2023-11-30,56.61,56.77,55.53,56.38,32769814.0
1701406800,2023-12-01,56.67,57.865,56.25,57.35,28539899.0
1701666000,2023-12-04,60.01,60.92,58.57,58.63,85417307.0
1701752400,2023-12-05,58.01,58.66,57.7006,57.97,39170598.0
1701838800,2023-12-06,58.37,59.98,58.36,59.75,33834959.0
1701925200,2023-12-07,59.67,60.995,59.525,60.98,34410294.0
1702011600,2023-12-08,60.51,62.25,60.51,61.7,28852116.0
1702270800,2023-12-11,61.53,62.99,60.94,62.46,30389677.0
1702357200,2023-12-12,62.065,63.025,61.8301,62.72,27144311.0
1702443600,2023-12-13,62.71,62.88,61.45,61.97,41661681.0
1702530000,2023-12-14,62.01,62.81,60.61,62.5,44818142.0
1702616400,2023-12-15,62.16,63.53,61.41,61.86,364261230.0
1702875600,2023-12-18,62.01,62.49,61.33,61.73,28614030.0
1702962000,2023-12-19,61.88,62.7,61.69,62.12,26813795.0
1703048400,2023-12-20,61.49,62.28,60.62,60.68,28286061.0
1703134800,2023-12-21,61.24,61.76,60.825,61.46,19999593.0
1703221200,2023-12-22,61.7,62.235,61.28,61.71,14715609.0
1703566800,2023-12-26,61.71,62.2,61.3136,61.98,16077192.0
1703653200,2023-12-27,62.0,63.43,62.0,63.28,20805951.0
1703739600,2023-12-28,63.45,63.53,62.835,63.14,13795595.0
1703826000,2023-12-29,62.36,63.14,61.3,61.57,21615424.0
1704171600,2024-01-02,60.73,60.91,57.93,58.38,41978581.0
1704258000,2024-01-03,57.48,58.895,57.33,58.25,31800559.0
1704344400,2024-01-04,58.25,58.985,57.73,57.8,20370664.0
1704430800,2024-01-05,58.11,58.51,57.22,57.58,17886260.0
1704690000,2024-01-08,58.09,59.16,57.85,59.01,21213042.0
1704776400,2024-01-09,58.5,60.54,58.45,60.3,22319853.0
1704862800,2024-01-10,60.28,62.61,60.28,62.41,30788925.0
1704949200,2024-01-11,62.99,63.61,61.86,63.47,28888928.0
1705035600,2024-01-12,63.2,64.92,63.0,63.2,26374740.0
1705381200,2024-01-16,63.0,64.0,62.92,63.65,19512081.0
1705467600,2024-01-17,62.95,63.42,61.68,63.12,19971592.0
1705554000,2024-01-18,64.0,65.0,63.385,64.88,24149938.0
1705640400,2024-01-19,64.9,65.385,64.41,65.11,20339427.0
1705899600,2024-01-22,65.44,65.61,64.15,64.55,17851716.0
1705986000,2024-01-23,64.5,64.81,63.69,64.32,13619608.0
1706072400,2024-01-24,64.0,64.3975,63.22,63.76,17238147.0
1706158800,2024-01-25,64.28,66.03,63.71,66.0,21962965.0
1706245200,2024-01-26,65.65,66.045,65.29,65.52,13099618.0
1706504400,2024-01-29,65.6,67.1,65.56,66.98,15902036.0
1706590800,2024-01-30,66.9,67.69,66.22,66.84,17562145.0
1706677200,2024-01-31,65.7,66.25,64.845,65.27,17026414.0
1706763600,2024-02-01,66.12,66.85,65.59,66.73,12504225.0
1706850000,2024-02-02,66.98,68.25,66.51,68.07,18671765.0
1707109200,2024-02-05,68.24,69.99,67.855,68.99,26079529.0
1707195600,2024-02-06,69.06,70.68,68.44,70.47,34596121.0
1707282000,2024-02-07,67.595,71.9,67.24,70.65,43366951.0
1707368400,2024-02-08,71.93,73.05,71.195,71.61,21618176.0
1707454800,2024-02-09,71.43,72.04,69.69,70.91,20858737.0
1707714000,2024-02-12,71.0,71.38,68.735,69.12,19554941.0
1707800400,2024-02-13,67.895,69.55,66.71,68.99,22857142.0
1707886800,2024-02-14,74.6,79.2,74.31,79.15,69846652.0
1707973200,2024-02-15,79.0,81.865,78.28,81.39,40330151.0
1708059600,2024-02-16,80.55,80.88,78.11,78.41,24457475.0
1708405200,2024-02-20,78.23,78.42,75.82,76.6,23816359.0
1708491600,2024-02-21,76.32,77.49,75.875,76.44,15102053.0
1708578000,2024-02-22,79.59,79.72,77.51,78.03,16766442.0
1708664400,2024-02-23,78.5,78.97,77.72,78.2,15648826.0
1708923600,2024-02-26,78.28,78.5,77.3,78.36,16617286.0
1709010000,2024-02-27,78.64,79.75,77.8133,78.75,13715205.0
1709096400,2024-02-28,78.6,78.66,77.42,77.73,11853130.0
1709182800,2024-02-29,78.35,79.68,77.93,79.5,19405546.0
1709269200,2024-03-01,79.5,81.47,79.32,81.03,18528745.0
1709528400,2024-03-04,81.94,82.14,80.79,81.3,15989175.0
1709614800,2024-03-05,80.83,80.85,77.43,79.09,19761584.0
1709701200,2024-03-06,80.17,80.99,78.53,78.64,13734710.0
1709787600,2024-03-07,79.4,80.075,78.26,79.41,13873312.0
1709874000,2024-03-08,79.94,81.98,78.2101,78.7,16414858.0
1710129600,2024-03-11,78.7,78.89,76.53,77.47,13781394.0
1710216000,2024-03-12,78.01,78.48,77.48,78.32,11303824.0
1710302400,2024-03-13,78.0,79.6911,77.93,78.25,12065099.0
1710388800,2024-03-14,78.34,78.48,76.9,77.65,12737226.0
1710475200,2024-03-15,77.0,77.84,75.77,76.07,24554947.0
1710734400,2024-03-18,77.0,77.0,73.66,75.7,18936712.0
1710820800,2024-03-19,75.38,77.18,74.19,77.08,13035194.0
1710907200,2024-03-20,77.09,78.95,76.75,78.64,11490382.0
1710993600,2024-03-21,79.6,81.23,79.09,80.25,16191090.0
1711080000,2024-03-22,79.8,80.45,79.2,80.23,8872408.0
1711339200,2024-03-25,79.99,81.04,79.39,79.41,10254259.0
1711425600,2024-03-26,79.8,80.18,77.78,77.91,12438286.0
1711512000,2024-03-27,78.96,79.0,76.85,78.11,13156953.0
1711598400,2024-03-28,77.9,78.05,76.895,76.99,13421916.0
1711944000,2024-04-01,77.0,77.78,76.0,76.4,12201773.0
1712030400,2024-04-02,75.66,77.33,74.97,76.98,15838768.0
1712116800,2024-04-03,76.84,78.85,76.54,76.81,19883084.0
1712203200,2024-04-04,77.24,77.67,74.48,74.92,17191332.0
1712289600,2024-04-05,75.34,78.395,74.92,77.16,21572026.0
1712548800,2024-04-08,76.7,76.86,73.95,75.03,22867563.0
1712635200,2024-04-09,74.77,75.5,73.33,75.14,13766815.0
1712721600,2024-04-10,74.4,75.305,73.535,74.35,12533910.0
1712808000,2024-04-11,74.8,76.56,74.705,76.18,13653565.0
1712894400,2024-04-12,75.05,75.82,74.49,75.28,11585593.0
1713153600,2024-04-15,76.38,76.68,72.88,73.4,16093430.0
1713240000,2024-04-16,73.39,74.7,72.7,74.13,14513119.0
1713326400,2024-04-17,75.0,75.615,71.04,71.94,15363128.0
1713412800,2024-04-18,72.26,72.855,70.64,71.3,20425974.0
1713499200,2024-04-19,71.15,71.15,68.38,69.2,23185965.0
1713758400,2024-04-22,70.48,70.89,68.48,68.98,26804899.0
1713844800,2024-04-23,70.02,71.14,69.62,70.8,16814207.0
1713931200,2024-04-24,70.15,70.22,67.365,69.36,27515596.0
1714017600,2024-04-25,67.86,70.29,67.38,69.31,20545159.0
1714104000,2024-04-26,69.975,70.15,68.7,69.05,16187639.0
1714363200,2024-04-29,68.5,68.66,67.2,67.4,21143373.0
1714449600,2024-04-30,67.225,68.5991,66.07,66.27,22707275.0
1714536000,2024-05-01,66.04,69.41,65.86,67.79,21276158.0
1714622400,2024-05-02,68.4,69.036,67.625,68.57,18229306.0
1714708800,2024-05-03,69.845,70.3386,69.03,69.23,15557671.0
1714968000,2024-05-06,71.0,73.82,70.832,71.51,25001918.0
1715054400,2024-05-07,72.64,72.64,69.8,70.43,24427252.0
1715140800,2024-05-08,64.5,67.2,63.8353,66.4,84219974.0
1715227200,2024-05-09,66.81,68.57,66.75,67.93,27965536.0
1715313600,2024-05-10,67.82,67.9,66.4,66.99,18924391.0
1715572800,2024-05-13,67.0,67.0637,64.72,66.02,18983132.0
1715659200,2024-05-14,65.85,66.1,64.75,65.32,19462279.0
1715745600,2024-05-15,66.0,66.66,65.22,66.62,16308711.0
1715832000,2024-05-16,66.97,67.33,66.0,66.05,19923462.0
1715918400,2024-05-17,66.5,66.64,65.52,65.67,15703320.0
1716177600,2024-05-20,65.64,65.87,64.305,64.65,15864425.0
1716264000,2024-05-21,64.13,64.65,63.81,63.97,16592548.0
1716350400,2024-05-22,64.82,66.09,64.52,65.48,22562072.0
1716436800,2024-05-23,65.56,65.8,63.25,63.6,20114981.0
1716523200,2024-05-24,63.78,64.76,63.62,64.26,10385892.0
1716868800,2024-05-28,64.61,64.61,63.1,63.52,14213346.0
1716955200,2024-05-29,63.01,65.365,62.91,64.93,16987906.0
1717041600,2024-05-30,64.79,65.41,63.72,64.12,12692547.0
1717128000,2024-05-31,64.2,64.63,63.14,64.56,17322445.0
1717387200,2024-06-03,64.78,64.96,62.935,63.79,14922214.0
1717473600,2024-06-04,64.06,65.19,63.7,64.55,12689227.0
1717560000,2024-06-05,64.94,66.28,64.21,65.82,19513505.0
1717646400,2024-06-06,67.45,69.69,67.33,68.9,25871476.0
1717732800,2024-06-07,68.9,69.71,68.11,69.31,13932603.0
1717992000,2024-06-10,69.28,69.6913,66.56,68.6,19168881.0
1718078400,2024-06-11,68.6,69.6,67.76,69.59,12741160.0
1718164800,2024-06-12,71.31,73.6,71.0,73.15,24435503.0
1718251200,2024-06-13,73.16,73.16,70.24,70.86,17109442.0
1718337600,2024-06-14,70.91,71.0,69.32,70.06,11601130.0
1718596800,2024-06-17,69.91,70.83,69.83,70.49,14760477.0
1718683200,2024-06-18,70.6,71.21,69.89,70.33,9511579.0
1718856000,2024-06-20,70.51,71.12,69.73,70.3,10662403.0
1718942400,2024-06-21,70.04,70.25,69.23,70.21,20913321.0
1719201600,2024-06-24,69.83,71.23,69.75,70.54,12479277.0
1719288000,2024-06-25,71.86,72.94,70.22,71.38,18911562.0
1719374400,2024-06-26,70.94,71.6,70.55,70.85,10232568.0
1719460800,2024-06-27,70.94,71.6,70.55,70.85,10232568.0
1719547200,2024-06-28,70.81,73.26,70.77,72.68,21341824.0
1719806400,2024-07-01,72.2,72.58,69.4,71.1,13438725.0
1719892800,2024-07-02,71.25,71.26,68.88,70.67,14318951.0
1719979200,2024-07-03,70.66,72.14,70.5,71.3,7869781.0
1720152000,2024-07-05,70.99,71.4177,70.385,71.06,6599189.0
1720411200,2024-07-08,71.31,71.78,70.75,71.25,7231051.0
1720497600,2024-07-09,71.4,72.28,71.13,71.32,8759653.0
1720584000,2024-07-10,71.5,71.5,68.38,69.27,14638754.0
1720670400,2024-07-11,69.51,73.645,68.85,73.53,26702460.0
1720756800,2024-07-12,72.11,73.8,72.11,72.43,14683659.0
1721016000,2024-07-15,73.06,73.25,70.7605,72.29,13472570.0
1721102400,2024-07-16,73.11,75.4,73.11,74.3,17528998.0
1721188800,2024-07-17,73.38,73.41,68.555,68.62,27884447.0
1721275200,2024-07-18,69.0,69.3413,65.81,66.26,21988924.0
1721361600,2024-07-19,66.78,67.44,66.1,67.31,12809588.0
1721620800,2024-07-22,67.53,68.78,67.085,67.73,13407987.0
1721707200,2024-07-23,68.05,69.1,67.28,67.52,9539770.0
1721793600,2024-07-24,67.27,67.79,65.78,66.14,15187117.0
1721880000,2024-07-25,66.0,69.37,64.4,65.74,22596919.0
1721966400,2024-07-26,66.1,66.26,64.18,64.4,17379446.0
1722225600,2024-07-29,64.835,65.2554,63.72,63.76,16906996.0
1722312000,2024-07-30,64.15,64.77,62.61,63.09,16506187.0
1722398400,2024-07-31,63.88,65.182,63.66,64.47,18209679.0
1722484800,2024-08-01,64.86,65.0,60.76,61.02,18967935.0
1722571200,2024-08-02,59.38,59.58,56.86,58.99,27654556.0
1722830400,2024-08-05,55.53,58.65,54.84,58.48,32063685.0
1722916800,2024-08-06,62.55,65.82,60.5,64.87,53336871.0
1723003200,2024-08-07,65.56,68.4,65.49,65.54,31493570.0
1723089600,2024-08-08,66.525,69.165,65.95,69.01,21779121.0
1723176000,2024-08-09,69.14,69.38,67.75,68.54,12770320.0
1723435200,2024-08-12,68.61,69.31,68.02,69.26,10826108.0
1723521600,2024-08-13,69.77,71.19,69.38,71.06,15472546.0
1723608000,2024-08-14,71.6,72.0,70.61,71.93,12336957.0
1723694400,2024-08-15,72.51,73.42,72.29,72.73,13711340.0
1723780800,2024-08-16,72.5,73.35,71.755,72.04,11548276.0
1724040000,2024-08-19,72.0,74.22,71.795,74.18,13821265.0
1724126400,2024-08-20,74.27,74.48,73.28,73.31,10246486.0
1724212800,2024-08-21,73.72,74.29,73.06,73.48,9290198.0
1724299200,2024-08-22,73.55,74.12,72.67,73.31,9571940.0
1724385600,2024-08-23,72.85,74.455,72.35,74.3,13065551.0
1724644800,2024-08-26,74.3,74.3,72.11,72.61,10999937.0
1724731200,2024-08-27,72.49,73.09,71.8,72.56,7294117.0
1724817600,2024-08-28,72.5,72.55,71.02,71.85,9529378.0
1724904000,2024-08-29,72.5,73.28,72.13,72.24,9300785.0
1724990400,2024-08-30,72.89,73.4194,72.06,73.13,12676935.0
1725336000,2024-09-03,72.57,73.61,71.21,71.89,13053336.0
1725422400,2024-09-04,71.52,72.69,71.3,71.56,7995815.0
1725508800,2024-09-05,71.08,72.62,70.92,71.25,8890860.0
1725595200,2024-09-06,71.13,72.02,68.729,69.58,11449834.0
1725854400,2024-09-09,70.95,71.19,69.6325,69.8,8804605.0
1725940800,2024-09-10,70.0,70.46,67.64,68.99,20227244.0
1726027200,2024-09-11,68.83,70.22,67.12,70.11,14671855.0
1726113600,2024-09-12,70.06,70.49,67.85,68.09,16381657.0
1726200000,2024-09-13,72.4,72.755,70.94,72.48,30376487.0
1726459200,2024-09-16,72.36,72.5,71.04,71.52,12016670.0
1726545600,2024-09-17,71.97,73.73,71.31,72.78,14639821.0
1726632000,2024-09-18,72.77,74.74,72.192,73.5,11720932.0
1726718400,2024-09-19,74.98,76.46,74.56,75.28,17698445.0
1726804800,2024-09-20,74.82,75.05,73.4511,73.94,17472693.0
1727064000,2024-09-23,75.11,75.27,73.78,74.71,8285323.0
1727150400,2024-09-24,76.0,77.51,75.97,77.44,16099212.0
1727236800,2024-09-25,77.51,78.28,77.08,77.14,12552602.0
1727323200,2024-09-26,78.36,78.45,75.13,76.69,14788553.0
1727409600,2024-09-27,77.03,77.08,75.7,75.75,7580133.0
1727668800,2024-09-30,75.32,75.72,74.255,75.16,12993585.0
1727755200,2024-10-01,75.77,75.77,73.84,74.24,8980535.0
1727841600,2024-10-02,74.09,74.31,72.79,72.87,11323367.0
1727928000,2024-10-03,72.56,73.21,71.9,72.94,11096334.0
1728014400,2024-10-04,74.11,74.32,73.22,74.28,10757712.0
1728273600,2024-10-07,74.255,75.74,73.73,74.59,15328806.0
1728360000,2024-10-08,75.25,77.02,75.06,76.17,17800250.0
1728446400,2024-10-09,76.0,77.96,75.955,77.87,17251051.0
1728532800,2024-10-10,77.65,78.24,76.9,77.92,15033626.0
1728619200,2024-10-11,82.0,87.0,81.86,86.34,57290484.0
1728878400,2024-10-14,85.64,86.18,84.18,84.94,14752430.0
1728964800,2024-10-15,84.77,84.77,82.65,83.2,14858455.0
1729051200,2024-10-16,82.93,83.48,81.62,81.9,12398522.0
1729137600,2024-10-17,79.92,80.88,79.41,79.9,27373196.0
1729224000,2024-10-18,80.53,80.55,78.8,79.16,14186721.0
1729483200,2024-10-21,79.94,80.57,79.55,80.46,11238726.0
1729569600,2024-10-22,80.47,81.25,79.98,80.41,10754049.0
1729656000,2024-10-23,80.055,80.32,79.36,79.83,8689871.0
1729742400,2024-10-24,78.005,78.6,77.14,78.38,15220863.0
1729828800,2024-10-25,78.26,78.84,76.96,77.62,11727421.0
1730088000,2024-10-28,78.2,78.38,77.47,77.69,9311857.0
1730174400,2024-10-29,77.85,79.99,77.77,79.21,14469580.0
1730260800,2024-10-30,79.23,80.075,78.8201,79.43,14997693.0
1730347200,2024-10-31,74.5,74.99,69.87,72.05,64047078.0
1730433600,2024-11-01,73.94,74.15,72.25,73.25,33542204.0
1730696400,2024-11-04,72.75,74.22,72.66,73.25,14949148.0
1730782800,2024-11-05,73.55,74.34,73.24,74.15,12274566.0
1730869200,2024-11-06,73.455,74.62,70.7412,74.36,26410662.0
1730955600,2024-11-07,76.1,76.4,72.74,73.13,24305902.0
1731042000,2024-11-08,73.44,73.56,71.555,72.04,20152597.0
1731301200,2024-11-11,72.65,73.0,71.34,71.65,22682174.0
1731387600,2024-11-12,71.97,72.68,71.2,71.37,19439705.0
1731474000,2024-11-13,71.53,72.08,70.55,71.16,15006009.0
1731560400,2024-11-14,71.16,72.75,70.76,71.44,17372180.0
1731646800,2024-11-15,72.1,73.63,71.76,73.25,23980917.0
1731906000,2024-11-18,72.04,72.04,67.8,69.33,45238309.0
1731992400,2024-11-19,68.51,69.6,68.2,69.13,22289103.0
1732078800,2024-11-20,69.29,70.33,68.95,69.6,16661027.0
1732165200,2024-11-21,70.25,70.87,68.8,69.64,25657713.0
1732251600,2024-11-22,70.0,71.54,69.35,71.51,14874060.0
1732510800,2024-11-25,72.6,73.55,71.83,73.42,17446563.0
1732597200,2024-11-26,73.49,73.5,71.34,71.56,13704896.0
1732683600,2024-11-27,72.06,72.7,71.01,71.62,12967786.0
1732856400,2024-11-29,71.7,72.44,71.52,71.96,7348658.0
1733115600,2024-12-02,71.93,73.44,71.47,73.07,11574636.0
1733202000,2024-12-03,73.06,73.25,71.2499,71.27,12760488.0
1733288400,2024-12-04,71.4,72.4,70.65,72.16,17263132.0
1733374800,2024-12-05,71.93,72.03,64.28,65.23,77320417.0
1733461200,2024-12-06,66.45,67.1,65.2,66.09,36413161.0
1733720400,2024-12-09,65.5,66.17,65.06,65.74,27602901.0
1733806800,2024-12-10,65.67,65.76,64.64,64.96,23672866.0
1733893200,2024-12-11,64.5,64.695,60.23,61.18,71089520.0
1733979600,2024-12-12,63.165,63.54,61.25,61.41,45673208.0
1734066000,2024-12-13,61.86,62.26,59.74,59.93,47325346.0
1734325200,2024-12-16,60.31,61.3,60.12,60.25,38612401.0
1734411600,2024-12-17,59.42,61.04,59.33,61.03,35025487.0
1734498000,2024-12-18,61.39,63.94,60.85,61.23,46736705.0
1734584400,2024-12-19,61.85,62.31,59.98,60.21,27811409.0
1734670800,2024-12-20,60.085,61.39,59.7503,60.73,26377669.0
1734930000,2024-12-23,60.88,62.22,60.76,61.87,16093552.0
1735016400,2024-12-24,61.97,61.98,60.88,61.71,7882461.0
1735189200,2024-12-26,61.6,61.97,61.16,61.56,12683898.0
1735275600,2024-12-27,61.1856,61.26,60.02,61.13,13483564.0
1735534800,2024-12-30,60.51,61.37,60.12,60.77,17709217.0
1735621200,2024-12-31,61.0,61.1,60.17,60.32,14487281.0
1735794000,2025-01-02,62.19,63.39,61.31,63.17,25899072.0
1735880400,2025-01-03,63.69,65.22,63.44,64.59,28553825.0
1736139600,2025-01-06,66.97,67.35,66.04,66.31,32980652.0
1736226000,2025-01-07,68.49,68.84,65.95,66.15,35347776.0
1736312400,2025-01-08,66.4,66.68,64.12,64.91,24523299.0
1736485200,2025-01-10,64.5,66.6,63.96,65.97,30728846.0
1736744400,2025-01-13,65.155,67.195,65.02,65.7,23960107.0
1736830800,2025-01-14,66.16,66.81,64.62,64.84,25735753.0
1736917200,2025-01-15,66.01,67.245,66.01,67.02,22704830.0
1737003600,2025-01-16,67.75,69.58,67.64,68.58,29013144.0
1737090000,2025-01-17,68.8,69.02,67.23,67.34,27139154.0
1737435600,2025-01-21,68.0,68.18,66.85,67.74,21423617.0
1737522000,2025-01-22,68.39,68.43,67.5,67.82,18130028.0
1737608400,2025-01-23,67.6,68.37,67.24,68.3,15355443.0
1737694800,2025-01-24,68.69,69.31,68.4,68.56,14360349.0
1737954000,2025-01-27,67.64,69.41,67.37,68.77,20904644.0
1738040400,2025-01-28,68.33,69.6752,67.1624,68.07,24988456.0
1738126800,2025-01-29,67.8,68.06,65.82,66.75,29592594.0
1738213200,2025-01-30,63.42,67.222,63.42,66.59,33246503.0
1738299600,2025-01-31,67.09,67.87,66.3327,66.85,19805625.0
1738558800,2025-02-03,65.3,68.85,65.1781,67.29,25275911.0
1738645200,2025-02-04,67.69,70.19,67.69,69.75,33715812.0
1738731600,2025-02-05,66.5,66.75,63.5,64.48,78975878.0
1738818000,2025-02-06,65.67,70.05,65.54,69.99,45940242.0
1738904400,2025-02-07,70.36,76.775,70.13,74.6,81746519.0
1739163600,2025-02-10,77.1,78.99,76.8,78.63,42538238.0
1739250000,2025-02-11,78.91,79.2,76.6,76.95,27329560.0
1739336400,2025-02-12,74.97,80.1,74.15,79.35,33142366.0
