start,start_unix,end,end_unix,reward
2016-04-15,1460692800,2016-05-25,1464148800,-3.6758521
2016-04-18,1460952000,2016-05-31,1464667200,-2.4948721000000003
2016-04-26,1461643200,2016-06-16,1466049600,-2.1392659000000003
2016-04-27,1461729600,2016-06-24,1466740800,-1.7441479000000002
2016-04-28,1461816000,2016-06-27,1467000000,-1.3051279
2016-05-12,1463025600,2016-07-07,1467864000,0.1392659
2016-05-16,1463371200,2016-07-15,1468555200,1.7441479000000002
2016-05-23,1463976000,2016-07-21,1469073600,1.3051279
2016-05-26,1464235200,2016-07-25,1469419200,-0.1392659
2016-06-01,1464753600,2016-07-26,1469505600,-1.7441479000000002
2016-06-17,1466136000,2016-07-27,1469592000,-0.3485340999999998
2016-06-27,1467000000,2016-07-28,1469678400,1.2021479000000002
2016-06-28,1467086400,2016-08-04,1470283200,2.9251279
2016-07-08,1467950400,2016-08-12,1470974400,2.6173279
2016-07-18,1468814400,2016-08-19,1471579200,2.2753279
2016-07-22,1469160000,2016-08-29,1472443200,0.9387341000000002
2016-07-26,1469505600,2016-08-31,1472616000,1.6758520999999997
2016-07-27,1469592000,2016-09-07,1473220800,3.4514659000000005
2016-07-28,1469678400,2016-09-08,1473307200,2.2455541
2016-07-29,1469764800,2016-09-09,1473393600,0.9056520999999997
2016-08-05,1470369600,2016-09-12,1473652800,0.37346589999999963
2016-08-15,1471233600,2016-09-13,1473739200,-0.21785210000000005
2016-08-22,1471838400,2016-09-14,1473825600,-0.8748720999999997
2016-08-30,1472529600,2016-09-16,1473998400,0.6173279
2016-09-01,1472702400,2016-09-21,1474430400,1.3187341
2016-09-08,1473307200,2016-09-22,1474516800,0.8324459000000004
2016-09-09,1473393600,2016-09-27,1474948800,1.5577541
2016-09-12,1473652800,2016-09-28,1475035200,3.3202459
2016-09-13,1473739200,2016-10-05,1475640000,2.0997540999999997
2016-09-14,1473825600,2016-10-11,1476158400,1.7002459
2016-09-15,1473912000,2016-10-20,1476936000,1.2563479
2016-09-19,1474257600,2016-10-21,1477022400,-0.1934658999999999
2016-09-22,1474516800,2016-10-25,1477368000,1.3744459
2016-09-23,1474603200,2016-10-28,1477627200,-0.06224590000000002
2016-09-28,1475035200,2016-11-03,1478145600,0.5636521000000001
2016-09-29,1475121600,2016-11-04,1478232000,-0.9631279000000001
2016-10-06,1475726400,2016-11-09,1478667600,0.5192659
2016-10-12,1476244800,2016-11-11,1478840400,-1.0124459000000003
2016-10-21,1477022400,2016-11-14,1479099600,-2.7143479000000004
2016-10-24,1477281600,2016-11-17,1479358800,-1.4265341
2016-10-26,1477454400,2016-11-30,1480482000,-2.2178520999999995
2016-10-31,1477886400,2016-12-06,1481000400,-1.8314659
2016-11-04,1478232000,2016-12-08,1481173200,-0.4455541000000001
2016-11-07,1478494800,2016-12-09,1481259600,1.0943479
2016-11-10,1478754000,2016-12-12,1481518800,-0.37346589999999963
2016-11-14,1479099600,2016-12-19,1482123600,1.1744459000000003
2016-11-15,1479186000,2016-12-21,1482296400,2.8943479
2016-11-18,1479445200,2016-12-23,1482469200,1.6265341000000002
2016-12-01,1480568400,2016-12-27,1482814800,1.1744459000000003
2016-12-07,1481086800,2017-01-05,1483592400,1.9377540999999998
2016-12-09,1481259600,2017-01-10,1484024400,1.5202459000000004
2016-12-12,1481518800,2017-01-11,1484110800,1.0563479
2016-12-13,1481605200,2017-01-13,1484283600,1.8065341
2016-12-20,1482210000,2017-01-31,1485838800,1.3744459
2016-12-22,1482382800,2017-02-01,1485925200,0.8943479000000001
2016-12-27,1482814800,2017-02-02,1486011600,2.5831279000000005
2016-12-28,1482901200,2017-02-07,1486443600,2.2373279000000004
2017-01-06,1483678800,2017-02-13,1486962000,4.0753279
2017-01-11,1484110800,2017-02-21,1487653200,3.8953279000000003
2017-01-12,1484197200,2017-02-22,1487739600,3.6953279
2017-01-17,1484629200,2017-02-28,1488258000,4.7387341
2017-02-01,1485925200,2017-03-02,1488430800,4.6324459000000004
2017-02-02,1486011600,2017-03-03,1488517200,4.514347900000001
2017-02-03,1486098000,2017-03-14,1489464000,3.4265341
2017-02-08,1486530000,2017-03-27,1490587200,3.1744459
2017-02-14,1487048400,2017-04-10,1491796800,2.8943479
2017-02-22,1487739600,2017-04-19,1492574400,1.6265341000000002
2017-02-23,1487826000,2017-04-28,1493352000,1.1744459000000003
2017-03-01,1488344400,2017-05-04,1493870400,2.8943479
2017-03-03,1488517200,2017-05-05,1493956800,2.5831279000000005
2017-03-06,1488776400,2017-05-10,1494388800,2.2373279000000004
2017-03-15,1489550400,2017-05-16,1494907200,4.0753279
2017-03-28,1490673600,2017-05-19,1495166400,2.9387341
2017-04-11,1491883200,2017-05-23,1495512000,2.6324459
2017-04-20,1492660800,2017-05-24,1495598400,3.5577541000000004
2017-05-01,1493611200,2017-05-30,1496116800,3.3202459
2017-05-05,1493956800,2017-06-01,1496289600,2.0997540999999997
2017-05-08,1494216000,2017-06-08,1496894400,1.7002459
2017-05-11,1494475200,2017-06-09,1496980800,0.29975409999999986
2017-05-17,1494993600,2017-06-14,1497412800,-1.2563479
2017-05-22,1495425600,2017-06-16,1497585600,-0.7631279000000002
2017-05-24,1495598400,2017-06-26,1498449600,-1.4807340999999998
2017-05-25,1495684800,2017-06-27,1498536000,-1.0124459000000003
2017-05-31,1496203200,2017-06-28,1498622400,-1.7577541
2017-06-02,1496376000,2017-07-07,1499400000,-1.3202459000000002
2017-06-09,1496980800,2017-07-13,1499918400,-2.0997540999999997
2017-06-12,1497240000,2017-07-25,1500955200,-0.7436520999999998
2017-06-15,1497499200,2017-07-26,1501041600,0.7631279000000002
2017-06-19,1497844800,2017-08-01,1501560000,1.4807340999999998
2017-06-27,1498536000,2017-08-04,1501819200,1.0124459000000003
2017-06-28,1498622400,2017-08-09,1502251200,2.7143479000000004
2017-06-29,1498708800,2017-08-10,1502337600,1.4265341
2017-07-10,1499659200,2017-08-18,1503028800,3.1744459
2017-07-14,1500004800,2017-08-21,1503288000,1.9377540999999998
2017-07-26,1501041600,2017-08-28,1503892800,1.5202459000000004
2017-07-27,1501128000,2017-09-01,1504238400,1.0563479
2017-08-02,1501646400,2017-09-19,1505793600,1.8065341
2017-08-07,1502078400,2017-09-21,1505966400,0.4178520999999998
2017-08-10,1502337600,2017-09-26,1506398400,-1.1251279
2017-08-11,1502424000,2017-10-13,1507867200,0.3392659000000002
2017-08-21,1503288000,2017-10-18,1508299200,-0.25585209999999986
2017-08-22,1503374400,2017-10-26,1508990400,0.3485340999999998
2017-08-29,1503979200,2017-10-27,1509076800,-0.24555409999999994
2017-09-05,1504584000,2017-10-30,1509336000,-0.9056520999999997
2017-09-20,1505880000,2017-10-31,1509422400,0.5831279000000005
2017-09-22,1506052800,2017-11-01,1509508800,1.2807341
2017-09-27,1506484800,2017-11-02,1509595200,3.0124459
2017-10-16,1508126400,2017-11-13,1510549200,2.7143479000000004
2017-10-19,1508385600,2017-11-20,1511154000,1.4265341
2017-10-27,1509076800,2017-11-28,1511845200,3.1744459
2017-10-30,1509336000,2017-11-29,1511931600,1.9377540999999998
2017-10-31,1509422400,2017-11-30,1512018000,1.5202459000000004
2017-11-01,1509508800,2017-12-08,1512709200,0.0997540999999999
2017-11-02,1509595200,2017-12-22,1513918800,1.7002459
2017-11-03,1509681600,2017-12-29,1514523600,0.29975409999999986
2017-11-14,1510635600,2018-01-11,1515646800,-0.29975409999999986
2017-11-21,1511240400,2018-01-23,1516683600,1.2563479
2017-11-29,1511931600,2018-01-24,1516770000,-0.1934658999999999
2017-11-30,1512018000,2018-01-25,1516856400,0.4178520999999998
2017-12-01,1512104400,2018-01-26,1516942800,-0.16853409999999996
2017-12-11,1512968400,2018-02-01,1517461200,0.4455541000000001
2017-12-26,1514264400,2018-02-02,1517547600,-1.0943479
2018-01-02,1514869200,2018-02-05,1517806800,-0.5831279000000005
2018-01-12,1515733200,2018-02-06,1517893200,-1.2807341
2018-01-24,1516770000,2018-02-09,1518152400,-3.0124459
2018-01-25,1516856400,2018-02-14,1518584400,-1.7577541
2018-01-26,1516942800,2018-02-23,1519362000,-0.3636521
2018-01-29,1517202000,2018-02-28,1519794000,-1.0368720999999996
2018-02-02,1517547600,2018-03-02,1519966800,-0.5192659
2018-02-05,1517806800,2018-03-05,1520226000,1.0124459000000003
2018-02-06,1517893200,2018-03-07,1520398800,1.7577541
2018-02-07,1517979600,2018-03-16,1521172800,1.3202459000000002
2018-02-12,1518411600,2018-03-21,1521604800,2.0997540999999997
2018-02-15,1518670800,2018-03-23,1521777600,0.7436520999999998
2018-02-26,1519621200,2018-03-26,1522036800,0.1934658999999999
2018-03-01,1519880400,2018-04-03,1522728000,-1.3744459
2018-03-05,1520226000,2018-04-05,1522900800,0.06224590000000002
2018-03-06,1520312400,2018-04-09,1523246400,-1.5202459000000004
2018-03-08,1520485200,2018-04-19,1524110400,-0.0997540999999999
2018-03-19,1521432000,2018-04-23,1524456000,-1.7002459
2018-03-22,1521691200,2018-04-24,1524542400,-1.2563479
2018-03-26,1522036800,2018-04-26,1524715200,0.1934658999999999
2018-03-27,1522123200,2018-04-27,1524801600,-1.3744459
2018-04-04,1522814400,2018-05-01,1525147200,0.06224590000000002
2018-04-06,1522987200,2018-05-03,1525320000,-0.5636521000000001
2018-04-10,1523332800,2018-05-07,1525665600,0.9631279000000001
2018-04-20,1524196800,2018-06-04,1528084800,0.43732790000000016
2018-04-24,1524542400,2018-06-07,1528344000,2.0753279000000004
2018-04-25,1524628800,2018-06-11,1528689600,2.9387341
2018-04-27,1524801600,2018-06-12,1528776000,2.6324459
2018-04-30,1525060800,2018-06-18,1529294400,3.5577541000000004
2018-05-02,1525233600,2018-06-22,1529640000,2.3636521
2018-05-04,1525406400,2018-06-25,1529899200,1.0368720999999996
2018-05-08,1525752000,2018-07-05,1530763200,0.5192659
2018-06-05,1528171200,2018-07-24,1532404800,-0.05585210000000013
2018-06-08,1528430400,2018-07-26,1532577600,-0.6948721
2018-06-12,1528776000,2018-07-31,1533009600,-0.1392659
2018-06-13,1528862400,2018-08-01,1533096000,-0.7875540999999999
2018-06-19,1529380800,2018-08-02,1533182400,0.7143479000000004
2018-06-25,1529899200,2018-08-15,1534305600,2.3831279000000003
2018-06-26,1529985600,2018-08-24,1535083200,4.2373278999999995
2018-07-06,1530849600,2018-08-29,1535515200,4.0753279
2018-07-25,1532491200,2018-09-05,1536120000,3.8953279000000003
2018-07-27,1532664000,2018-09-10,1536552000,2.7387341
2018-08-01,1533096000,2018-09-11,1536638400,4.6324459000000004
2018-08-02,1533182400,2018-09-12,1536724800,3.5577541000000004
2018-08-03,1533268800,2018-09-14,1536897600,3.3202459
2018-08-16,1534392000,2018-09-26,1537934400,2.0997540999999997
2018-08-27,1535342400,2018-10-02,1538452800,1.7002459
2018-08-30,1535601600,2018-10-03,1538539200,1.2563479
2018-09-06,1536206400,2018-10-05,1538712000,-0.1934658999999999
2018-09-11,1536638400,2018-10-08,1538971200,0.4178520999999998
2018-09-12,1536724800,2018-10-09,1539057600,-0.16853409999999996
2018-09-13,1536811200,2018-10-10,1539144000,0.4455541000000001
2018-09-17,1537156800,2018-10-11,1539230400,-1.0943479
2018-09-27,1538020800,2018-10-26,1540526400,0.37346589999999963
2018-10-03,1538539200,2018-10-30,1540872000,-1.1744459000000003
2018-10-04,1538625600,2018-11-01,1541044800,-1.9377540999999998
2018-10-08,1538971200,2018-11-02,1541131200,-1.5202459000000004
2018-10-09,1539057600,2018-11-05,1541394000,-1.0563479
2018-10-10,1539144000,2018-11-09,1541739600,-1.8065341
2018-10-11,1539230400,2018-11-13,1542085200,-1.3744459
2018-10-12,1539316800,2018-11-14,1542171600,-0.8943479000000001
2018-10-29,1540785600,2018-11-16,1542344400,-1.6265341000000002
2018-10-31,1540958400,2018-11-21,1542776400,-1.1744459000000003
2018-11-02,1541131200,2018-11-27,1543294800,-2.8943479
2018-11-05,1541394000,2018-12-04,1543899600,-1.6265341000000002
2018-11-06,1541480400,2018-12-14,1544763600,-1.1744459000000003
2018-11-12,1541998800,2018-12-17,1545022800,-2.8943479
2018-11-14,1542171600,2018-12-18,1545109200,-1.6265341000000002
2018-11-15,1542258000,2018-12-20,1545282000,-1.1744459000000003
2018-11-19,1542603600,2018-12-24,1545627600,-2.8943479
2018-11-23,1542949200,2019-01-02,1546405200,-1.6265341000000002
2018-11-28,1543381200,2019-01-15,1547528400,-1.1744459000000003
2018-12-06,1544072400,2019-01-18,1547787600,-1.9377540999999998
2018-12-17,1545022800,2019-01-24,1548306000,-1.5202459000000004
2018-12-18,1545109200,2019-01-29,1548738000,-0.0997540999999999
2018-12-19,1545195600,2019-02-04,1549256400,-0.7436520999999998
2018-12-21,1545368400,2019-02-06,1549429200,0.7631279000000002
2018-12-26,1545800400,2019-02-11,1549861200,1.4807340999999998
2019-01-03,1546491600,2019-02-12,1549947600,1.0124459000000003
2019-01-16,1547614800,2019-02-13,1550034000,1.7577541
2019-01-22,1548133200,2019-02-14,1550120400,1.3202459000000002
2019-01-25,1548392400,2019-02-15,1550206800,2.0997540999999997
2019-01-30,1548824400,2019-03-08,1552021200,1.7002459
2019-02-05,1549342800,2019-03-13,1552449600,1.2563479
2019-02-07,1549515600,2019-03-19,1552968000,0.7631279000000002
2019-02-12,1549947600,2019-03-20,1553054400,2.4373279
2019-02-13,1550034000,2019-03-21,1553140800,2.0753279000000004
2019-02-14,1550120400,2019-03-25,1553486400,2.9387341
2019-02-15,1550206800,2019-03-26,1553572800,1.6758520999999997
2019-02-19,1550552400,2019-04-02,1554177600,3.4514659000000005
2019-03-11,1552276800,2019-04-16,1555387200,3.2021479000000004
2019-03-14,1552536000,2019-04-22,1555905600,2.9251279
2019-03-20,1553054400,2019-04-23,1555992000,2.6173279
2019-03-21,1553140800,2019-04-29,1556510400,1.3187341
2019-03-22,1553227200,2019-04-30,1556596800,-0.12414789999999981
2019-03-26,1553572800,2019-05-01,1556683200,1.4514659
2019-03-27,1553659200,2019-05-03,1556856000,3.2021479000000004
2019-04-03,1554264000,2019-05-08,1557288000,1.9685340999999998
2019-04-17,1555473600,2019-05-10,1557460800,0.5978520999999994
2019-04-23,1555992000,2019-05-22,1558497600,-0.9251279000000001
2019-04-24,1556078400,2019-06-05,1559707200,-2.6173279
2019-04-30,1556596800,2019-06-07,1559880000,-1.3187341
2019-05-01,1556683200,2019-06-28,1561694400,0.12414789999999981
2019-05-02,1556769600,2019-07-05,1562299200,-0.49487209999999987
2019-05-06,1557115200,2019-07-08,1562558400,-2.1392659000000003
2019-05-09,1557374400,2019-07-22,1563768000,-0.7875540999999999
2019-05-13,1557720000,2019-07-24,1563940800,0.7143479000000004
2019-05-23,1558584000,2019-07-25,1564027200,1.4265341
2019-06-06,1559793600,2019-08-01,1564632000,3.1744459
2019-06-10,1560139200,2019-08-02,1564718400,1.9377540999999998
2019-07-01,1561953600,2019-08-07,1565150400,0.5636521000000001
2019-07-08,1562558400,2019-08-12,1565582400,-0.006534100000000043
2019-07-09,1562644800,2019-08-13,1565668800,1.5821479000000003
2019-07-23,1563854400,2019-08-16,1565928000,0.16853409999999996
2019-07-25,1564027200,2019-08-22,1566446400,-0.4455541000000001
2019-07-26,1564113600,2019-08-28,1566964800,0.13775409999999993
2019-08-02,1564718400,2019-08-30,1567137600,-0.4797540999999996
2019-08-05,1564977600,2019-09-03,1567483200,0.0997540999999999
2019-08-08,1565236800,2019-09-09,1568001600,1.7002459
2019-08-13,1565668800,2019-10-03,1570075200,1.2563479
2019-08-14,1565755200,2019-10-07,1570420800,0.7631279000000002
2019-08-19,1566187200,2019-10-08,1570507200,1.4807340999999998
2019-08-23,1566532800,2019-10-10,1570680000,1.0124459000000003
2019-08-29,1567051200,2019-10-22,1571716800,2.7143479000000004
2019-09-03,1567483200,2019-10-25,1571976000,2.3831279000000003
2019-09-04,1567569600,2019-10-28,1572235200,4.2373278999999995
2019-09-10,1568088000,2019-10-30,1572408000,3.1187340999999997
2019-10-04,1570161600,2019-11-01,1572580800,2.8324459
2019-10-08,1570507200,2019-11-12,1573534800,2.5143479
2019-10-09,1570593600,2019-11-13,1573621200,4.3831279
2019-10-11,1570766400,2019-11-14,1573707600,3.2807340999999997
2019-10-23,1571803200,2019-11-19,1574139600,3.0124459
2019-10-28,1572235200,2019-11-22,1574398800,1.7577541
2019-10-29,1572321600,2019-12-02,1575262800,1.3202459000000002
2019-10-31,1572494400,2019-12-04,1575435600,2.0997540999999997
2019-11-04,1572843600,2019-12-11,1576040400,1.7002459
2019-11-13,1573621200,2019-12-13,1576213200,1.2563479
2019-11-14,1573707600,2019-12-24,1577163600,0.7631279000000002
2019-11-15,1573794000,2019-12-31,1577768400,2.4373279
2019-11-20,1574226000,2020-01-07,1578373200,2.0753279000000004
2019-11-25,1574658000,2020-01-10,1578632400,3.8953279000000003
2019-12-03,1575349200,2020-01-24,1579842000,3.6953279
2019-12-05,1575522000,2020-01-27,1580101200,4.7387341
2019-12-12,1576126800,2020-01-28,1580187600,4.6324459000000004
2019-12-16,1576472400,2020-01-30,1580360400,4.514347900000001
2019-12-26,1577336400,2020-01-31,1580446800,3.4265341
2020-01-02,1577941200,2020-02-03,1580706000,2.2178520999999995
2020-01-08,1578459600,2020-02-05,1580878800,1.8314659
2020-01-13,1578891600,2020-02-06,1580965200,1.4021479000000003
2020-01-27,1580101200,2020-02-07,1581051600,-0.03146589999999999
2020-01-28,1580187600,2020-02-10,1581310800,1.5544458999999997
2020-01-29,1580274000,2020-02-11,1581397200,0.13775409999999993
2020-01-31,1580446800,2020-02-14,1581656400,-0.4797540999999996
2020-02-03,1580706000,2020-02-18,1582002000,0.0997540999999999
2020-02-04,1580792400,2020-02-19,1582088400,1.7002459
2020-02-06,1580965200,2020-02-21,1582261200,0.29975409999999986
2020-02-07,1581051600,2020-02-24,1582520400,-1.2563479
2020-02-10,1581310800,2020-02-26,1582693200,-0.7631279000000002
2020-02-11,1581397200,2020-02-28,1582866000,-2.4373279
2020-02-12,1581483600,2020-03-03,1583211600,-1.1187341000000002
2020-02-18,1582002000,2020-03-04,1583298000,-1.8758521
2020-02-19,1582088400,2020-03-06,1583470800,-1.4514659
2020-02-20,1582174800,2020-03-09,1583726400,-3.2021479000000004
2020-02-24,1582520400,2020-03-10,1583812800,-1.9685340999999998
2020-02-25,1582606800,2020-03-11,1583899200,-1.5544458999999997
2020-02-27,1582779600,2020-03-12,1583985600,-1.0943479
2020-03-02,1583125200,2020-03-13,1584072000,0.37346589999999963
2020-03-04,1583298000,2020-03-25,1585108800,-1.1744459000000003
2020-03-05,1583384400,2020-03-26,1585195200,-1.9377540999999998
2020-03-09,1583726400,2020-03-27,1585281600,-1.5202459000000004
2020-03-10,1583812800,2020-03-31,1585627200,-0.0997540999999999
2020-03-11,1583899200,2020-04-03,1585886400,-1.7002459
2020-03-12,1583985600,2020-04-13,1586750400,-0.29975409999999986
2020-03-13,1584072000,2020-04-17,1587096000,1.2563479
2020-03-16,1584331200,2020-04-23,1587614400,-0.1934658999999999
2020-03-26,1585195200,2020-04-27,1587960000,1.3744459
2020-03-27,1585281600,2020-04-28,1588046400,-0.06224590000000002
2020-03-30,1585540800,2020-05-05,1588651200,1.5202459000000004
2020-04-01,1585713600,2020-05-19,1589860800,1.0563479
2020-04-06,1586145600,2020-06-05,1591329600,2.7631279
2020-04-14,1586836800,2020-06-09,1591675200,2.4373279
2020-04-20,1587355200,2020-06-10,1591761600,2.0753279000000004
2020-04-24,1587700800,2020-06-15,1592193600,2.9387341
2020-04-28,1588046400,2020-06-22,1592798400,2.6324459
2020-04-29,1588132800,2020-06-23,1592884800,4.514347900000001
2020-05-06,1588737600,2020-06-24,1592971200,3.4265341
2020-05-20,1589947200,2020-06-25,1593057600,3.1744459
2020-06-08,1591588800,2020-06-26,1593144000,1.9377540999999998
2020-06-10,1591761600,2020-07-07,1594094400,1.5202459000000004
2020-06-11,1591848000,2020-07-22,1595390400,1.0563479
2020-06-16,1592280000,2020-07-24,1595563200,1.8065341
2020-06-23,1592884800,2020-07-27,1595822400,1.3744459
2020-06-24,1592971200,2020-07-28,1595908800,-0.06224590000000002
2020-06-25,1593057600,2020-07-30,1596081600,1.5202459000000004
2020-06-26,1593144000,2020-07-31,1596168000,1.0563479
2020-06-29,1593403200,2020-08-04,1596513600,2.7631279
2020-07-08,1594180800,2020-08-10,1597032000,2.4373279
2020-07-23,1595476800,2020-08-11,1597118400,1.1187341000000002
2020-07-27,1595822400,2020-08-18,1597723200,2.8324459
2020-07-28,1595908800,2020-08-20,1597896000,2.5143479
2020-07-29,1595995200,2020-08-28,1598587200,4.3831279
2020-07-31,1596168000,2020-08-31,1598846400,4.2373278999999995
2020-08-03,1596427200,2020-09-01,1598932800,4.0753279
2020-08-05,1596600000,2020-09-02,1599019200,2.9387341
2020-08-11,1597118400,2020-09-04,1599192000,1.6758520999999997
2020-08-12,1597204800,2020-09-08,1599537600,2.4948721000000003
2020-08-19,1597809600,2020-09-09,1599624000,2.1392659000000003
2020-08-21,1597982400,2020-09-17,1600315200,0.7875540999999999
2020-08-31,1598846400,2020-09-18,1600401600,-0.7143479000000004
2020-09-01,1598932800,2020-09-30,1601438400,-1.4265341
2020-09-02,1599019200,2020-10-01,1601524800,-2.2178520999999995
2020-09-03,1599105600,2020-10-08,1602129600,-1.8314659
2020-09-08,1599537600,2020-10-09,1602216000,-0.4455541000000001
2020-09-09,1599624000,2020-10-12,1602475200,1.0943479
2020-09-10,1599710400,2020-10-21,1603252800,-0.37346589999999963
2020-09-18,1600401600,2020-10-26,1603684800,0.21785210000000005
2020-09-21,1600660800,2020-10-27,1603771200,1.8314659
2020-10-01,1601524800,2020-10-29,1603944000,0.4455541000000001
2020-10-02,1601611200,2020-11-02,1604293200,-1.0943479
2020-10-09,1602216000,2020-11-04,1604466000,0.37346589999999963
2020-10-12,1602475200,2020-11-09,1604898000,-0.21785210000000005
2020-10-13,1602561600,2020-11-10,1604984400,-1.8314659
2020-10-22,1603339200,2020-11-20,1605848400,-0.4455541000000001
2020-10-27,1603771200,2020-11-25,1606280400,0.13775409999999993
2020-10-28,1603857600,2020-11-30,1606712400,-0.4797540999999996
2020-10-30,1604030400,2020-12-14,1607922000,1.0563479
2020-11-03,1604379600,2020-12-17,1608181200,2.7631279
2020-11-05,1604552400,2020-12-18,1608267600,1.4807340999999998
2020-11-10,1604984400,2020-12-24,1608786000,1.0124459000000003
2020-11-11,1605070800,2020-12-30,1609304400,2.7143479000000004
2020-11-23,1606107600,2021-01-05,1609822800,1.4265341
2020-11-27,1606453200,2021-01-06,1609909200,2.2178520999999995
2020-12-01,1606798800,2021-01-20,1611118800,1.8314659
2020-12-15,1608008400,2021-01-22,1611291600,1.4021479000000003
2020-12-18,1608267600,2021-01-27,1611723600,0.9251279000000001
2020-12-21,1608526800,2021-01-28,1611810000,1.6607340999999995
2020-12-28,1609131600,2021-01-29,1611896400,0.25585209999999986
2020-12-31,1609390800,2021-02-16,1613451600,-0.3485340999999998
2021-01-06,1609909200,2021-02-19,1613710800,0.24555409999999994
2021-01-07,1609995600,2021-02-26,1614315600,0.9056520999999997
2021-01-21,1611205200,2021-03-01,1614574800,0.37346589999999963
2021-01-25,1611550800,2021-03-05,1614920400,-1.1744459000000003
2021-01-28,1611810000,2021-03-08,1615179600,-2.8943479
2021-01-29,1611896400,2021-04-06,1617681600,-1.6265341000000002
2021-02-01,1612155600,2021-04-08,1617854400,-0.21785210000000005
2021-02-17,1613538000,2021-04-09,1617940800,-0.8748720999999997
2021-02-22,1613970000,2021-04-12,1618200000,-0.3392659000000002
2021-03-01,1614574800,2021-04-13,1618286400,1.2124459
2021-03-02,1614661200,2021-04-14,1618372800,-0.24224589999999985
2021-03-08,1615179600,2021-04-21,1618977600,1.3202459000000002
2021-03-09,1615266000,2021-04-22,1619064000,2.0997540999999997
2021-04-07,1617768000,2021-04-29,1619668800,1.7002459
2021-04-09,1617940800,2021-05-07,1620360000,0.29975409999999986
2021-04-12,1618200000,2021-06-11,1623384000,-1.2563479
2021-04-13,1618286400,2021-06-16,1623816000,0.1934658999999999
2021-04-14,1618372800,2021-06-17,1623902400,-0.4178520999999998
2021-04-15,1618459200,2021-06-18,1623988800,0.16853409999999996
2021-04-22,1619064000,2021-06-28,1624852800,-0.4455541000000001
2021-04-23,1619150400,2021-07-01,1625112000,1.0943479
2021-04-30,1619755200,2021-07-06,1625544000,0.5831279000000005
2021-05-10,1620619200,2021-07-07,1625630400,2.2373279000000004
2021-06-14,1623643200,2021-07-08,1625716800,3.1187340999999997
2021-06-17,1623902400,2021-07-13,1626148800,2.8324459
2021-06-18,1623988800,2021-07-15,1626321600,2.5143479
2021-06-21,1624248000,2021-07-16,1626408000,3.4265341
2021-06-29,1624939200,2021-07-19,1626667200,2.2178520999999995
2021-07-02,1625198400,2021-07-22,1626926400,1.8314659
2021-07-07,1625630400,2021-07-26,1627272000,1.4021479000000003
2021-07-08,1625716800,2021-08-11,1628654400,-0.03146589999999999
2021-07-09,1625803200,2021-08-17,1629172800,1.5544458999999997
2021-07-14,1626235200,2021-08-19,1629345600,0.13775409999999993
2021-07-16,1626408000,2021-08-25,1629864000,-0.4797540999999996
2021-07-19,1626667200,2021-08-26,1629950400,0.0997540999999999
2021-07-20,1626753600,2021-08-27,1630036800,1.7002459
2021-07-23,1627012800,2021-08-30,1630296000,1.2563479
2021-07-27,1627358400,2021-08-31,1630382400,-0.1934658999999999
2021-08-12,1628740800,2021-09-09,1631160000,1.3744459
2021-08-18,1629259200,2021-09-16,1631764800,-0.06224590000000002
2021-08-20,1629432000,2021-09-29,1632888000,0.5636521000000001
2021-08-26,1629950400,2021-09-30,1632974400,-0.9631279000000001
2021-08-27,1630036800,2021-10-01,1633060800,0.5192659
2021-08-30,1630296000,2021-10-05,1633406400,-1.0124459000000003
2021-08-31,1630382400,2021-10-11,1633924800,-1.7577541
2021-09-01,1630468800,2021-10-13,1634097600,-1.3202459000000002
2021-09-10,1631246400,2021-10-18,1634529600,-2.0997540999999997
2021-09-17,1631851200,2021-10-27,1635307200,-0.7436520999999998
2021-09-30,1632974400,2021-10-28,1635393600,0.7631279000000002
2021-10-01,1633060800,2021-11-16,1637038800,1.4807340999999998
2021-10-04,1633320000,2021-11-17,1637125200,1.0124459000000003
2021-10-06,1633492800,2021-11-22,1637557200,2.7143479000000004
2021-10-12,1634011200,2021-11-24,1637730000,2.3831279000000003
2021-10-14,1634184000,2021-11-29,1638162000,3.2807340999999997
2021-10-19,1634616000,2021-12-06,1638766800,3.0124459
2021-10-28,1635393600,2021-12-09,1639026000,2.7143479000000004
2021-10-29,1635480000,2021-12-13,1639371600,2.3831279000000003
2021-11-17,1637125200,2021-12-14,1639458000,3.2807340999999997
2021-11-18,1637211600,2021-12-15,1639544400,3.0124459
2021-11-23,1637643600,2021-12-21,1640062800,1.7577541
2021-11-26,1637902800,2022-01-04,1641272400,1.3202459000000002
2021-11-30,1638248400,2022-01-11,1641877200,2.0997540999999997
2021-12-07,1638853200,2022-01-12,1641963600,1.7002459
2021-12-10,1639112400,2022-01-18,1642482000,0.29975409999999986
2021-12-14,1639458000,2022-01-24,1643000400,-1.2563479
2021-12-15,1639544400,2022-01-27,1643259600,-0.7631279000000002
2021-12-16,1639630800,2022-01-28,1643346000,-1.4807340999999998
2021-12-22,1640149200,2022-02-10,1644469200,-0.05585210000000013
2022-01-05,1641358800,2022-02-14,1644814800,-1.6514659000000003
2022-01-12,1641963600,2022-02-16,1644987600,-0.24555409999999994
2022-01-13,1642050000,2022-02-22,1645506000,-1.8622459
2022-01-19,1642568400,2022-02-23,1645592400,-1.4363478999999997
2022-01-25,1643086800,2022-03-04,1646370000,-0.006534100000000043
2022-01-28,1643346000,2022-03-08,1646715600,0.6255541
2022-01-31,1643605200,2022-03-09,1646802000,0.06224590000000002
2022-02-11,1644555600,2022-03-11,1646974800,-1.5202459000000004
2022-02-15,1644901200,2022-03-14,1647230400,-1.0563479
2022-02-17,1645074000,2022-03-17,1647489600,-1.8065341
2022-02-23,1645592400,2022-03-23,1648008000,-0.4178520999999998
2022-02-24,1645678800,2022-04-07,1649304000,1.1251279
2022-03-07,1646629200,2022-04-21,1650513600,-0.3392659000000002
2022-03-09,1646802000,2022-05-03,1651550400,0.25585209999999986
2022-03-10,1646888400,2022-05-04,1651636800,-0.3485340999999998
2022-03-14,1647230400,2022-05-06,1651809600,0.24555409999999994
2022-03-15,1647316800,2022-05-09,1652068800,0.9056520999999997
2022-03-18,1647576000,2022-05-10,1652155200,0.37346589999999963
2022-03-24,1648094400,2022-05-11,1652241600,-1.1744459000000003
2022-04-08,1649390400,2022-05-12,1652328000,-2.8943479
2022-04-22,1650600000,2022-05-17,1652760000,-1.6265341000000002
2022-05-04,1651636800,2022-05-20,1653019200,-1.1744459000000003
2022-05-05,1651723200,2022-05-23,1653278400,-1.9377540999999998
2022-05-09,1652068800,2022-05-25,1653451200,-1.5202459000000004
2022-05-10,1652155200,2022-06-08,1654660800,-0.0997540999999999
2022-05-11,1652241600,2022-06-10,1654833600,-1.7002459
2022-05-12,1652328000,2022-06-14,1655179200,-1.2563479
2022-05-13,1652414400,2022-06-15,1655265600,0.1934658999999999
2022-05-18,1652846400,2022-06-17,1655438400,-1.3744459
2022-05-23,1653278400,2022-07-05,1656993600,0.06224590000000002
2022-05-24,1653364800,2022-07-18,1658116800,-0.5636521000000001
2022-05-26,1653537600,2022-07-28,1658980800,0.9631279000000001
2022-06-09,1654747200,2022-08-02,1659412800,0.43732790000000016
2022-06-13,1655092800,2022-08-03,1659499200,2.0753279000000004
2022-06-15,1655265600,2022-08-09,1660017600,2.9387341
2022-06-16,1655352000,2022-08-12,1660276800,2.6324459
2022-06-21,1655784000,2022-08-18,1660795200,4.514347900000001
2022-07-06,1657080000,2022-08-25,1661400000,3.4265341
2022-07-19,1658203200,2022-08-29,1661745600,2.2178520999999995
2022-07-29,1659067200,2022-09-09,1662696000,0.8748720999999997
2022-08-03,1659499200,2022-09-12,1662955200,0.3392659000000002
2022-08-04,1659585600,2022-09-14,1663128000,-1.2124459
2022-08-10,1660104000,2022-09-16,1663300800,-0.7143479000000004
2022-08-15,1660536000,2022-09-22,1663819200,-1.4265341
2022-08-19,1660881600,2022-09-28,1664337600,-3.1744459
2022-08-26,1661486400,2022-10-03,1664769600,-2.8943479
2022-08-30,1661832000,2022-10-06,1665028800,-1.6265341000000002
2022-09-12,1662955200,2022-10-20,1666238400,-1.1744459000000003
2022-09-13,1663041600,2022-10-27,1666843200,-1.9377540999999998
2022-09-15,1663214400,2022-10-31,1667188800,-0.5636521000000001
2022-09-19,1663560000,2022-11-03,1667448000,0.006534100000000043
2022-09-23,1663905600,2022-11-09,1667970000,-1.5821479000000003
2022-09-29,1664424000,2022-11-28,1669611600,-0.16853409999999996
2022-10-04,1664856000,2022-11-29,1669698000,0.4455541000000001
2022-10-07,1665115200,2022-12-05,1670216400,-0.13775409999999993
2022-10-21,1666324800,2022-12-09,1670562000,0.4797540999999996
2022-10-28,1666929600,2022-12-13,1670907600,-0.0997540999999999
2022-11-01,1667275200,2022-12-15,1671080400,-1.7002459
2022-11-04,1667534400,2022-12-20,1671512400,-1.2563479
2022-11-10,1668056400,2022-12-21,1671598800,0.1934658999999999
2022-11-29,1669698000,2022-12-27,1672117200,-1.3744459
2022-11-30,1669784400,2022-12-28,1672203600,-0.8943479000000001
2022-12-06,1670302800,2022-12-30,1672376400,-1.6265341000000002
2022-12-12,1670821200,2023-01-05,1672894800,-1.1744459000000003
2022-12-14,1670994000,2023-01-13,1673586000,-1.9377540999999998
2022-12-16,1671166800,2023-01-23,1674450000,-0.5636521000000001
2022-12-21,1671598800,2023-01-24,1674536400,0.9631279000000001
2022-12-22,1671685200,2023-01-25,1674622800,-0.5192659
2022-12-28,1672203600,2023-02-01,1675227600,1.0124459000000003
2022-12-29,1672290000,2023-02-17,1676610000,2.7143479000000004
2023-01-03,1672722000,2023-02-21,1676955600,1.4265341
2023-01-06,1672981200,2023-02-23,1677128400,3.1744459
2023-01-17,1673931600,2023-03-02,1677733200,1.9377540999999998
2023-01-24,1674536400,2023-03-09,1678338000,1.5202459000000004
2023-01-25,1674622800,2023-03-10,1678424400,0.0997540999999999
2023-01-26,1674709200,2023-03-15,1678852800,1.7002459
2023-02-02,1675314000,2023-03-16,1678939200,1.2563479
2023-02-21,1676955600,2023-03-17,1679025600,-0.1934658999999999
2023-02-22,1677042000,2023-03-29,1680062400,1.3744459
2023-02-24,1677214800,2023-04-10,1681099200,0.8943479000000001
2023-03-03,1677819600,2023-04-12,1681272000,1.6265341000000002
2023-03-10,1678424400,2023-04-18,1681790400,1.1744459000000003
2023-03-13,1678680000,2023-04-19,1681876800,2.8943479
2023-03-16,1678939200,2023-04-26,1682481600,1.6265341000000002
2023-03-17,1679025600,2023-05-03,1683086400,1.1744459000000003
2023-03-20,1679284800,2023-05-04,1683172800,1.9377540999999998
2023-03-30,1680148800,2023-05-05,1683259200,1.5202459000000004
2023-04-11,1681185600,2023-05-08,1683518400,1.0563479
2023-04-13,1681358400,2023-05-09,1683604800,1.8065341
2023-04-19,1681876800,2023-05-11,1683777600,1.3744459
2023-04-20,1681963200,2023-05-17,1684296000,-0.06224590000000002
2023-04-27,1682568000,2023-05-22,1684728000,1.5202459000000004
2023-05-04,1683172800,2023-05-24,1684900800,0.0997540999999999
2023-05-05,1683259200,2023-05-31,1685505600,1.7002459
2023-05-08,1683518400,2023-06-09,1686283200,1.2563479
2023-05-09,1683604800,2023-06-26,1687752000,0.7631279000000002
2023-05-10,1683691200,2023-06-29,1688011200,2.4373279
2023-05-12,1683864000,2023-06-30,1688097600,2.0753279000000004
2023-05-18,1684382400,2023-07-14,1689307200,2.9387341
2023-05-23,1684814400,2023-07-20,1689825600,2.6324459
2023-05-25,1684987200,2023-07-21,1689912000,3.5577541000000004
2023-06-01,1685592000,2023-08-01,1690862400,3.3202459
2023-06-12,1686542400,2023-08-03,1691035200,2.0997540999999997
2023-06-27,1687838400,2023-08-04,1691121600,0.7436520999999998
2023-06-30,1688097600,2023-08-16,1692158400,-0.7631279000000002
2023-07-03,1688356800,2023-08-18,1692331200,-2.4373279
2023-07-17,1689566400,2023-08-22,1692676800,-1.1187341000000002
2023-07-21,1689912000,2023-08-23,1692763200,-1.8758521
2023-07-24,1690171200,2023-08-28,1693195200,-1.4514659
2023-08-02,1690948800,2023-08-29,1693281600,-2.2455541
2023-08-04,1691121600,2023-09-05,1693886400,-0.9056520999999997
2023-08-07,1691380800,2023-09-06,1693972800,-0.37346589999999963
2023-08-17,1692244800,2023-09-25,1695614400,0.21785210000000005
2023-08-21,1692590400,2023-09-29,1695960000,0.8748720999999997
2023-08-23,1692763200,2023-10-02,1696219200,0.3392659000000002
2023-08-24,1692849600,2023-10-03,1696305600,-1.2124459
2023-08-29,1693281600,2023-10-11,1696996800,0.24224589999999985
2023-08-30,1693368000,2023-10-12,1697083200,-0.3636521
2023-09-06,1693972800,2023-10-19,1697688000,-1.9934659
2023-09-07,1694059200,2023-10-25,1698206400,-1.5821479000000003
2023-09-26,1695700800,2023-10-26,1698292800,-1.1251279
2023-10-02,1696219200,2023-10-31,1698724800,0.3392659000000002
2023-10-03,1696305600,2023-11-06,1699246800,-0.25585209999999986
2023-10-04,1696392000,2023-11-09,1699506000,1.3051279
2023-10-12,1697083200,2023-11-10,1699592400,0.8173279000000002
2023-10-13,1697169600,2023-11-13,1699851600,-0.6812658999999999
2023-10-20,1697774400,2023-12-04,1701666000,0.8324459000000004
2023-10-26,1698292800,2023-12-12,1702357200,2.5143479
2023-10-27,1698379200,2023-12-15,1702616400,4.3831279
2023-11-01,1698811200,2023-12-18,1702875600,3.2807340999999997
2023-11-07,1699333200,2023-12-19,1702962000,3.0124459
2023-11-10,1699592400,2023-12-29,1703826000,1.7577541
2023-11-13,1699851600,2024-01-02,1704171600,0.3636521
2023-11-14,1699938000,2024-01-17,1705467600,1.0368720999999996
2023-12-05,1701752400,2024-01-19,1705640400,0.5192659
2023-12-13,1702443600,2024-01-26,1706245200,-0.05585210000000013
2023-12-18,1702875600,2024-01-30,1706590800,-1.6514659000000003
2023-12-19,1702962000,2024-01-31,1706677200,-1.2021479000000002
2023-12-20,1703048400,2024-02-01,1706763600,-1.9685340999999998
2024-01-02,1704171600,2024-02-02,1706850000,-1.5544458999999997
2024-01-03,1704258000,2024-02-12,1707714000,-0.13775409999999993
2024-01-18,1705554000,2024-02-29,1709182800,0.4797540999999996
2024-01-22,1705899600,2024-03-01,1709269200,-1.0563479
2024-01-29,1706504400,2024-03-05,1709614800,-2.7631279
2024-01-31,1706677200,2024-03-07,1709787600,-2.4373279
2024-02-01,1706763600,2024-03-18,1710734400,-1.1187341000000002
2024-02-02,1706850000,2024-03-20,1710907200,-1.8758521
2024-02-05,1707109200,2024-04-05,1712289600,-1.4514659
2024-02-13,1707800400,2024-04-08,1712548800,-3.2021479000000004
2024-03-01,1709269200,2024-04-09,1712635200,-1.9685340999999998
2024-03-04,1709528400,2024-04-10,1712721600,-1.5544458999999997
2024-03-06,1709701200,2024-04-11,1712808000,-0.13775409999999993
2024-03-08,1709874000,2024-04-12,1712894400,1.4363478999999997
2024-03-19,1710820800,2024-04-16,1713240000,0.006534100000000043
2024-03-21,1710993600,2024-04-23,1713844800,-1.5821479000000003
2024-04-08,1712548800,2024-05-02,1714622400,-0.16853409999999996
2024-04-09,1712635200,2024-05-03,1714708800,1.4021479000000003
2024-04-10,1712721600,2024-05-14,1715659200,0.9251279000000001
2024-04-11,1712808000,2024-05-22,1716350400,2.6173279
2024-04-12,1712894400,2024-05-23,1716436800,1.3187341
2024-04-15,1713153600,2024-06-04,1717473600,0.8324459000000004
2024-04-17,1713326400,2024-06-05,1717560000,2.5143479
2024-04-24,1713931200,2024-06-06,1717646400,3.4265341
2024-05-03,1714708800,2024-06-07,1717732800,3.1744459
2024-05-06,1714968000,2024-06-10,1717992000,1.9377540999999998
2024-05-15,1715745600,2024-06-11,1718078400,1.5202459000000004
2024-05-23,1716436800,2024-06-12,1718164800,1.0563479
2024-05-24,1716523200,2024-06-18,1718683200,2.7631279
2024-06-05,1717560000,2024-06-25,1719288000,1.4807340999999998
2024-06-06,1717646400,2024-07-01,1719806400,1.0124459000000003
2024-06-07,1717732800,2024-07-08,1720411200,2.7143479000000004
2024-06-10,1717992000,2024-07-10,1720584000,2.3831279000000003
2024-06-11,1718078400,2024-07-11,1720670400,3.2807340999999997
2024-06-12,1718164800,2024-07-17,1721188800,3.0124459
2024-06-13,1718251200,2024-07-25,1721880000,1.7577541
2024-06-20,1718856000,2024-07-26,1721966400,0.3636521
2024-06-26,1719374400,2024-08-02,1722571200,1.9934659
2024-07-02,1719892800,2024-08-12,1723435200,0.6255541
2024-07-09,1720497600,2024-08-28,1724817600,0.06224590000000002
2024-07-11,1720670400,2024-08-29,1724904000,-0.5636521000000001
2024-07-12,1720756800,2024-09-05,1725508800,0.006534100000000043
2024-07-18,1721275200,2024-09-06,1725595200,-1.5821479000000003
2024-07-26,1721966400,2024-09-09,1725854400,-0.16853409999999996
2024-07-29,1722225600,2024-09-10,1725940800,0.4455541000000001
2024-08-05,1722830400,2024-09-13,1726200000,-0.13775409999999993
2024-08-13,1723521600,2024-09-18,1726632000,0.4797540999999996
2024-08-29,1724904000,2024-09-27,1727409600,-0.0997540999999999
2024-08-30,1724990400,2024-09-30,1727668800,-0.7436520999999998
2024-09-06,1725595200,2024-10-11,1728619200,-0.1934658999999999
2024-09-09,1725854400,2024-10-29,1730174400,1.3744459
2024-09-10,1725940800,2024-11-01,1730433600,-0.06224590000000002
2024-09-11,1726027200,2024-11-04,1730696400,0.5636521000000001
2024-09-16,1726459200,2024-11-05,1730782800,-0.006534100000000043
2024-09-19,1726718400,2024-11-06,1730869200,0.6255541
2024-09-30,1727668800,2024-11-22,1732251600,0.06224590000000002
2024-10-01,1727755200,2024-11-27,1732683600,-0.5636521000000001
2024-10-14,1728878400,2024-12-06,1733461200,0.9631279000000001
2024-10-30,1730260800,2024-12-13,1734066000,0.43732790000000016
2024-11-04,1730696400,2024-12-17,1734411600,2.0753279000000004
2024-11-05,1730782800,2024-12-19,1734584400,2.9387341
2024-11-06,1730869200,2024-12-23,1734930000,2.6324459
2024-11-07,1730955600,2024-12-26,1735189200,4.514347900000001
2024-11-25,1732510800,2024-12-30,1735534800,3.4265341
2024-11-29,1732856400,2025-01-06,1736139600,2.2178520999999995
2024-12-09,1733720400,2025-01-10,1736485200,0.8748720999999997
2024-12-16,1734325200,2025-01-14,1736830800,-0.6173279
2024-12-18,1734498000,2025-01-15,1736917200,-1.3187341
2024-12-20,1734670800,2025-01-17,1737090000,-0.8324459000000004
2024-12-24,1735016400,2025-01-24,1737694800,-2.5143479
2024-12-27,1735275600,2025-01-27,1737954000,-3.4265341
2024-12-31,1735621200,2025-01-30,1738213200,-2.2178520999999995
2025-01-07,1736226000,2025-02-11,1739250000,-1.8314659
